Date,half,Team,Opponent,timeRemaining,playerID,shotType,makeMiss,xint,yint,distanceint,x,y,distance,ck
1/6/2018,1,Penn,Princeton,1940,21,,0,4,4,5.7,4.114585238,4.414236197,6,
1/6/2018,1,Penn,Princeton,1935,0,,0,4,2,4.5,4.167712083,2.024697987,4.6,
1/6/2018,1,Princeton,Penn,1910,33,,0,-8,22,23.4,-7.906535659,22.3426429,23.7,
1/6/2018,1,Penn,Princeton,1949,4,,0,0,9,9,-0.250001474,8.630270638,8.6,
1/6/2018,1,Princeton,Penn,1840,5,0,0,-15,16,21.9,-14.8821942,15.76112269,21.7,
1/6/2018,1,Penn,Princeton,1808,2,,0,3,24,24.2,3.085789685,23.86876751,24.1,
1/6/2018,1,Princeton,Penn,1738,22,,0,15,17,22.7,14.62420508,17.21102766,22.6,
1/6/2018,1,Penn,Princeton,1718,2,,2,5,5,7.1,4.964096347,4.630369923,6.8,
1/6/2018,1,Princeton,Penn,1708,33,,1,21,7,22.1,20.51743972,6.708171026,21.6,
1/6/2018,1,Penn,Princeton,1650,25,,0,-4,0,4,-3.857505424,0.017467976,3.9,
1/6/2018,1,Princeton,Penn,1643,12,,1,-2,2,2.8,-2.41498188,2.233949648,3.3,
1/6/2018,1,Princeton,Penn,1609,5,,0,-3,3,4.2,-2.719089394,3.435589892,4.4,
1/6/2018,1,Penn,Princeton,1604,21,,1,-4,0,4,-4.152316678,-0.406026123,4.2,
1/6/2018,1,Princeton,Penn,1547,12,,0,4,1,4.1,3.505444785,0.716197501,3.6,
1/6/2018,1,Penn,Princeton,1533,4,,1,-22,5,22.6,-22.03458667,4.946197746,22.6,
1/6/2018,1,Princeton,Penn,1505,33,,1,3,1,3.2,2.949255068,1.190085575,3.2,
1/6/2018,1,Penn,Princeton,1446,21,,1,-2,23,23.1,-2.476496399,23.30781938,23.4,
1/6/2018,1,Princeton,Penn,1428,3,,0,-18,15,23.4,-18.01674145,14.53168931,23.1,
1/6/2018,1,Princeton,Penn,1345,34,,0,0,4,4,-0.007173899,3.880683761,3.9,
1/6/2018,1,Penn,Princeton,1322,4,,1,-4,2,4.5,-3.763002677,1.743435907,4.1,
1/6/2018,1,Princeton,Penn,1216,15,,2,3,2,3.6,3.034540331,1.567216424,3.4,
1/6/2018,1,Penn,Princeton,1158,25,,0,19,10,21.5,18.93761906,9.590372716,21.2,
1/6/2018,1,Princeton,Penn,1150,3,,1,4,0,4,4.322211286,-0.2608175,4.3,
1/6/2018,1,Penn,Princeton,1131,21,,1,0,6,6,-0.233489022,6.274829485,6.3,
1/6/2018,1,Penn,Princeton,1103,25,,1,-3,1,3.2,-2.920808268,1.369026695,3.2,
1/6/2018,1,Princeton,Penn,1040,3,,0,-1,14,14,-1.3246876,13.99356558,14.1,
1/6/2018,1,Penn,Princeton,1008,21,,1,-2,8,8.2,-2.438659705,7.796654491,8.2,
1/6/2018,1,Princeton,Penn,947,5,,0,-22,1,22,-21.6705477,0.787847082,21.7,
1/6/2018,1,Penn,Princeton,938,12,,1,-21,10,23.3,-21.26474999,9.663526438,23.4,
1/6/2018,1,Princeton,Penn,926,12,,0,14,20,24.4,14.17110628,20.4298088,24.9,
1/6/2018,1,Penn,Princeton,915,4,,0,1,22,22,0.869914602,21.79414028,21.8,
1/6/2018,1,Princeton,Penn,907,5,,1,2,0,2,1.846287263,0.174373474,1.9,
1/6/2018,1,Penn,Princeton,834,0,,0,-6,2,6.3,-5.677548488,1.609102045,5.9,
1/6/2018,1,Princeton,Penn,821,12,,0,-4,2,4.5,-4.447424288,1.760271575,4.8,
1/6/2018,1,Penn,Princeton,753,12,,0,-3,7,7.6,-3.253875617,6.637267663,7.4,
1/6/2018,1,Princeton,Penn,730,22,,0,-3,4,5,-3.268496602,4.141896898,5.3,
1/6/2018,1,Penn,Princeton,720,21,,0,-3,0,3,-2.861126652,0.066974751,2.9,
1/6/2018,1,Penn,Princeton,650,2,,1,1,6,6.1,1.348116842,6.206879598,6.4,
1/6/2018,1,Princeton,Penn,622,3,,1,22,1,22,22.21477175,0.696139698,22.2,
1/6/2018,1,Penn,Princeton,600,25,,0,22,4,22.4,22.12643935,4.410231029,22.6,
1/6/2018,1,Princeton,Penn,542,3,,1,5,12,13,5.057450466,12.23437821,13.2,
1/6/2018,1,Penn,Princeton,523,2,,1,-16,17,23.3,-15.82312146,16.50867806,22.9,
1/6/2018,1,Princeton,Penn,447,15,,0,23,3,23.2,23.43569946,3.491620602,23.7,
1/6/2018,1,Penn,Princeton,421,21,,1,2,2,2.8,1.666749612,2.36033226,2.9,
1/6/2018,1,Princeton,Penn,401,5,,0,6,3,6.7,5.690789126,2.789921717,6.3,
1/6/2018,1,Penn,Princeton,353,21,,1,18,12,21.6,18.30348857,11.76175373,21.8,
1/6/2018,1,Princeton,Penn,333,3,,1,17,17,24,17.33104649,17.31520818,24.5,
1/6/2018,1,Penn,Princeton,307,2,,0,-2,6,6.3,-1.65319942,6.107811575,6.3,
1/6/2018,1,Princeton,Penn,245,22,,1,10,22,24.2,9.872144542,21.57857604,23.7,
1/6/2018,1,Penn,Princeton,222,12,,1,-2,0,2,-2.418100147,0.410782598,2.5,
1/6/2018,1,Princeton,Penn,207,12,,0,22,7,23.1,21.85976503,7.424215672,23.1,
1/6/2018,1,Penn,Princeton,141,25,,0,0,7,7,0.07488765,7.482575216,7.5,
1/6/2018,1,Princeton,Penn,121,5,,1,9,19,21,9.407228563,19.08896743,21.3,
1/6/2018,1,Penn,Princeton,100,21,,1,21,11,23.7,21.11308139,10.5082165,23.6,
1/6/2018,1,Princeton,Penn,40,3,,0,11,0,11,10.75700279,-0.219293033,10.8,
1/6/2018,1,Princeton,Penn,7,5,,0,7,20,21.2,7.491468893,20.23306511,21.6,
1/6/2018,1,Penn,Princeton,0,2,,0,0,12,12,-0.063745297,11.73565301,11.7,
1/6/2018,2,Princeton,Penn,1950,12,,1,3,0,3,3.24303879,0.470972038,3.3,
1/6/2018,2,Penn,Princeton,1927,25,,1,-2,1,2.2,-1.721130164,0.539023891,1.8,
1/6/2018,2,Princeton,Penn,1914,22,,1,-2,4,4.5,-2.171063352,4.018263634,4.6,
1/6/2018,2,Princeton,Penn,1845,3,,0,3,2,3.6,2.919459852,2.200583805,3.7,
1/6/2018,2,Princeton,Penn,1842,3,,2,2,2,2.8,2.179249804,1.761990568,2.8,
1/6/2018,2,Penn,Princeton,1825,0,,2,2,1,2.2,1.529763053,1.152725355,1.9,
1/6/2018,2,Penn,Princeton,1754,0,,1,2,2,2.8,2.205340993,2.007159604,3,
1/6/2018,2,Princeton,Penn,1740,13,,0,7,1,7.1,6.868721109,1.391585603,7,
1/6/2018,2,Penn,Princeton,1720,24,,1,0,1,1,-0.11740568,1.106542229,1.1,
1/6/2018,2,Princeton,Penn,1700,33,,1,5,19,19.6,5.318630131,18.62058831,19.4,
1/6/2018,2,Penn,Princeton,1643,24,,1,2,1,2.2,2.44999282,0.599891401,2.5,
1/6/2018,2,Princeton,Penn,1613,33,,2,2,2,2.8,1.95077301,1.888766999,2.7,
1/6/2018,2,Penn,Princeton,1558,0,,0,1,7,7.1,0.710655989,6.704280083,6.7,
1/6/2018,2,Penn,Princeton,1554,4,,1,0,1,1,0.405369329,1.187362746,1.3,
1/6/2018,2,Princeton,Penn,1545,3,,0,-7,21,22.1,-7.227201522,21.44297065,22.6,
1/6/2018,2,Princeton,Penn,1459,12,,1,-3,3,4.2,-3.311649092,2.567830506,4.2,
1/6/2018,2,Penn,Princeton,1444,2,,0,3,0,3,2.574609103,-0.20685945,2.6,
1/6/2018,2,Princeton,Penn,1424,22,,0,1,23,23,1.389614062,22.82612861,22.9,
1/6/2018,2,Princeton,Penn,1420,3,,1,17,22,27.8,17.29484955,22.27259885,28.2,
1/6/2018,2,Penn,Princeton,1356,0,,1,-5,4,6.4,-4.750115862,3.650504693,6,
1/6/2018,2,Princeton,Penn,1343,12,,1,4,1,4.1,4.301448524,0.640442855,4.3,
1/6/2018,2,Penn,Princeton,1321,4,,1,-3,0,3,-3.499086807,0.27300939,3.5,
1/6/2018,2,Princeton,Penn,1243,5,,0,-10,20,22.4,-10.01435552,20.16580457,22.5,
1/6/2018,2,Penn,Princeton,1220,0,,1,-1,4,4.1,-0.784240568,3.784431578,3.9,
1/6/2018,2,Princeton,Penn,1159,22,,0,22,2,22.1,21.63383795,2.326314253,21.8,
1/6/2018,2,Princeton,Penn,1156,34,,1,3,0,3,2.565738692,-0.491267834,2.6,
1/6/2018,2,Penn,Princeton,1143,25,,0,-6,1,6.1,-5.612330422,0.642280914,5.6,
1/6/2018,2,Penn,Princeton,1111,25,,0,18,12,21.6,17.71905386,12.2699005,21.6,
1/6/2018,2,Penn,Princeton,1042,2,,0,4,1,4.1,4.35265334,0.784723966,4.4,
1/6/2018,2,Penn,Princeton,1008,4,,0,-15,16,21.9,-14.54358023,16.38360278,21.9,
1/6/2018,2,Princeton,Penn,1000,5,,1,3,1,3.2,3.14884247,1.298197682,3.4,
1/6/2018,2,Princeton,Penn,902,33,,0,2,7,7.3,1.78315349,7.49022519,7.7,
1/6/2018,2,Princeton,Penn,827,33,,0,1,5,5.1,0.581910775,5.01950545,5.1,
1/6/2018,2,Penn,Princeton,812,21,,1,-6,2,6.3,-5.84434758,1.987600193,6.2,
1/6/2018,2,Princeton,Penn,754,33,,0,-12,21,24.2,-12.49237377,20.91001342,24.4,
1/6/2018,2,Princeton,Penn,744,3,,1,6,3,6.7,5.777798072,2.507657981,6.3,
1/6/2018,2,Penn,Princeton,730,2,,1,-3,1,3.2,-3.043519145,1.454655163,3.4,
1/6/2018,2,Penn,Princeton,654,25,,1,2,4,4.5,2.084121444,4.305645649,4.8,
1/6/2018,2,Penn,Princeton,623,25,,0,-8,20,21.5,-8.489438114,19.98712048,21.7,
1/6/2018,2,Princeton,Penn,614,5,,1,-3,1,3.2,-2.736646364,0.697869363,2.8,
1/6/2018,2,Princeton,Penn,545,3,,2,4,2,4.5,3.932112198,2.175683836,4.5,
1/6/2018,2,Penn,Princeton,531,0,,1,-3,0,3,-3.002702021,-0.381974525,3,
1/6/2018,2,Princeton,Penn,522,22,,0,5,2,5.4,4.791319796,1.535800795,5,
1/6/2018,2,Penn,Princeton,455,4,,0,11,0,11,10.71587136,0.469464373,10.7,
1/6/2018,2,Penn,Princeton,451,21,,0,-7,7,9.9,-6.990399501,6.921713386,9.8,
1/6/2018,2,Penn,Princeton,433,2,,0,-8,20,21.5,-8.459173062,19.86521328,21.6,
1/6/2018,2,Princeton,Penn,424,0,,1,18,17,24.8,18.37996807,16.69494455,24.8,
1/6/2018,2,Penn,Princeton,405,2,,2,-3,3,4.2,-3.057403358,2.733029477,4.1,
1/6/2018,2,Princeton,Penn,352,12,,1,3,0,3,2.731760774,-0.417681442,2.8,
1/6/2018,2,Penn,Princeton,324,25,,2,4,5,6.4,3.794021189,5.307469716,6.5,
1/6/2018,2,Penn,Princeton,258,25,,2,-2,0,2,-2.458014594,0.431935398,2.5,
1/6/2018,2,Princeton,Penn,249,5,,1,2,4,4.5,2.465612002,3.695349489,4.4,
1/6/2018,2,Penn,Princeton,224,4,,0,0,16,16,-0.369673375,16.38673008,16.4,
1/6/2018,2,Princeton,Penn,208,5,,2,4,4,5.7,4.32523272,3.653699844,5.7,
1/6/2018,2,Penn,Princeton,148,2,,1,1,4,4.1,1.21272183,4.320995048,4.5,
1/6/2018,2,Princeton,Penn,137,33,,1,3,3,4.2,2.768050857,3.133934173,4.2,
1/6/2018,2,Penn,Princeton,120,4,,0,-22,2,22.1,-22.34630579,1.97958773,22.4,
1/6/2018,2,Penn,Princeton,100,4,,2,-1,0,1,-0.860813826,0.385292633,0.9,
1/6/2018,2,Princeton,Penn,50,3,,1,-2,0,2,-2.484423693,-0.086926282,2.5,
1/6/2018,2,Penn,Princeton,30,25,,1,-7,0,7,-7.476114676,-0.132911284,7.5,
1/6/2018,2,Princeton,Penn,20,3,,0,-2,0,2,-1.918716985,-0.305511415,1.9,
1/6/2018,2,Princeton,Penn,7,33,,0,-22,1,22,-22.48373971,1.424714394,22.5,
1/6/2018,2,Princeton,Penn,5,12,,0,-1,5,5.1,-0.751266159,5.382612285,5.4,
1/19/2018,1,Brown,Yale,1936,20,,0,22,6,22.8,22.33043838,6.062758179,23.1,
1/19/2018,1,Yale,Brown,1922,24,,0,-5,1,5.1,-4.833991709,0.900472855,4.9,
1/19/2018,1,Brown,Yale,1910,24,,0,-15,16,21.9,-14.58797788,15.78753584,21.5,
1/19/2018,1,Yale,Brown,1844,13,,0,-3,21,21.2,-3.320394241,20.75946248,21,
1/19/2018,1,Yale,Brown,1822,13,,1,-15,15,21.2,-14.81151763,14.85855391,21,
1/19/2018,1,Brown,Yale,1805,5,,0,-8,2,8.2,-8.104056738,1.949957188,8.3,
1/19/2018,1,Yale,Brown,1801,2,,1,-2,0,2,-2.030679139,0.057455222,2,
1/19/2018,1,Brown,Yale,1742,24,,0,10,3,10.4,10.43193701,2.65470612,10.8,
1/19/2018,1,Yale,Brown,1736,32,,0,-3,0,3,-2.723602005,-0.06879651,2.7,
1/19/2018,1,Yale,Brown,1705,32,,0,0,0,0,0.392343894,0.411884346,0.6,
1/19/2018,1,Yale,Brown,1643,24,,0,-20,10,22.4,-20.24584574,9.599669713,22.4,
1/19/2018,1,Brown,Yale,1630,4,,0,-2,5,5.4,-1.568443356,5.342039525,5.6,
1/19/2018,1,Brown,Yale,1621,25,,0,4,3,5,3.985476694,2.710648511,4.8,
1/19/2018,1,Yale,Brown,1613,24,,0,23,2,23.1,22.95317673,2.156587993,23.1,
1/19/2018,1,Yale,Brown,1610,13,,2,0,0,0,-0.174411867,0.479903768,0.5,
1/19/2018,1,Brown,Yale,1601,24,,1,-20,10,22.4,-20.48498757,10.00316861,22.8,
1/19/2018,1,Brown,Yale,1519,24,,0,22,0,22,21.55327015,-0.287199075,21.6,
1/19/2018,1,Yale,Brown,1504,3,,0,-3,0,3,-3.135760076,-0.071909253,3.1,
1/19/2018,1,Brown,Yale,1455,2,,1,-11,20,22.8,-11.36308844,20.03705726,23,
1/19/2018,1,Brown,Yale,1428,25,,1,0,0,0,-0.128217557,0.011554441,0.1,
1/19/2018,1,Yale,Brown,1358,20,,1,2,3,3.6,2.159824637,3.462249351,4.1,
1/19/2018,1,Yale,Brown,1343,13,,1,-3,2,3.6,-2.688681327,2.363386294,3.6,
1/19/2018,1,Brown,Yale,1336,24,,1,-2,0,2,-1.951836217,0.391786446,2,
1/19/2018,1,Yale,Brown,1320,20,,0,2,3,3.6,2.078479779,3.203498859,3.8,
1/19/2018,1,Brown,Yale,1310,2,,0,-6,2,6.3,-6.287087895,1.646668182,6.5,
1/19/2018,1,Yale,Brown,1238,5,,1,22,7,23.1,22.15652213,7.082844052,23.3,
1/19/2018,1,Yale,Brown,1222,5,,0,-4,23,23.3,-3.799040818,22.86596862,23.2,
1/19/2018,1,Yale,Brown,1217,24,,0,17,15,22.7,16.88119907,14.89558472,22.5,
1/19/2018,1,Yale,Brown,1208,5,,0,5,23,23.5,4.609129078,22.81251816,23.3,
1/19/2018,1,Brown,Yale,1140,24,,0,2,0,2,2.444872378,0.322587401,2.5,
1/19/2018,1,Yale,Brown,1115,24,,1,-2,15,15.1,-2.042505756,14.9339922,15.1,
1/19/2018,1,Brown,Yale,1051,5,,2,1,5,5.1,1.185615716,5.290527399,5.4,
1/19/2018,1,Yale,Brown,1033,32,,1,-3,0,3,-2.935382493,-0.346238651,3,
1/19/2018,1,Brown,Yale,1023,2,,1,-3,2,3.6,-3.194800361,2.46165478,4,
1/19/2018,1,Brown,Yale,936,5,,1,13,17,21.4,12.50769722,16.63226394,20.8,
1/19/2018,1,Brown,Yale,912,20,,0,22,3,22.2,22.18135256,3.054673861,22.4,
1/19/2018,1,Brown,Yale,901,20,,1,3,1,3.2,2.557601501,0.940887437,2.7,
1/19/2018,1,Yale,Brown,843,3,,0,1,16,16,1.253846569,16.0815322,16.1,
1/19/2018,1,Brown,Yale,830,20,,1,-3,2,3.6,-3.092484439,2.049802758,3.7,
1/19/2018,1,Yale,Brown,815,24,,0,-9,9,12.7,-9.456356424,8.823577766,12.9,
1/19/2018,1,Brown,Yale,801,5,,1,-3,2,3.6,-2.69834984,1.938879265,3.3,
1/19/2018,1,Yale,Brown,741,13,,1,0,0,0,-0.330711686,-0.060399046,0.3,
1/19/2018,1,Brown,Yale,722,4,,0,6,7,9.2,6.193300488,6.703585127,9.1,
1/19/2018,1,Yale,Brown,709,2,,0,5,1,5.1,4.561483654,1.390631668,4.8,
1/19/2018,1,Brown,Yale,659,20,,0,-12,8,14.4,-11.64661476,8.270825536,14.3,
1/19/2018,1,Yale,Brown,650,13,,1,0,2,2,0.398132511,1.899552661,1.9,
1/19/2018,1,Brown,Yale,628,4,,1,-16,14,21.3,-16.32776919,13.67402161,21.3,
1/19/2018,1,Brown,Yale,611,5,,2,3,3,4.2,3.29074679,3.045191648,4.5,
1/19/2018,1,Yale,Brown,549,32,,0,12,19,22.5,12.21906468,18.94792323,22.5,
1/19/2018,1,Brown,Yale,540,2,,1,6,5,7.8,6.084679025,4.534466386,7.6,
1/19/2018,1,Yale,Brown,447,2,,0,-21,1,21,-21.04137822,1.049599284,21.1,
1/19/2018,1,Yale,Brown,444,14,,2,-2,0,2,-2.263567211,-0.148861267,2.3,
1/19/2018,1,Yale,Brown,342,3,,1,-4,15,15.5,-3.750370183,15.0395707,15.5,
1/19/2018,1,Brown,Yale,324,24,,0,4,25,25.3,4.075489611,24.73568973,25.1,
1/19/2018,1,Yale,Brown,315,5,,1,22,5,22.6,21.71936712,4.867425908,22.3,
1/19/2018,1,Yale,Brown,238,14,,1,0,4,4,0.367747339,3.653743581,3.7,
1/19/2018,1,Yale,Brown,226,3,,1,0,5,5,-0.464792305,4.545091687,4.6,
1/19/2018,1,Brown,Yale,207,5,,0,14,17,22,13.75682714,16.87372956,21.8,
1/19/2018,1,Yale,Brown,156,3,,1,8,5,9.4,8.023387814,5.439104432,9.7,
1/19/2018,1,Brown,Yale,142,2,,1,-4,0,4,-4.385793078,-0.349804548,4.4,
1/19/2018,1,Yale,Brown,115,3,,1,-4,4,5.7,-4.461608366,3.521959412,5.7,
1/19/2018,1,Brown,Yale,100,24,,0,5,1,5.1,4.764075131,0.70001793,4.8,
1/19/2018,1,Brown,Yale,45,5,,2,2,3,3.6,1.95569228,3.05959333,3.6,
1/19/2018,1,Yale,Brown,26,24,,0,10,22,24.2,9.749212482,22.10525388,24.2,
1/19/2018,1,Brown,Yale,7,4,,0,-7,22,23.1,-7.283440655,22.22256096,23.4,
1/19/2018,2,Brown,Yale,1952,25,,1,3,0,3,3.216426852,0.397274871,3.2,
1/19/2018,2,Brown,Yale,1922,25,,1,-3,1,3.2,-2.815632493,1.054720267,3,
1/19/2018,2,Yale,Brown,1902,32,,0,6,22,22.8,5.557010846,22.06152577,22.8,
1/19/2018,2,Brown,Yale,1853,2,,0,-6,3,6.7,-6.036583693,2.917995251,6.7,
1/19/2018,2,Yale,Brown,1831,2,,1,3,12,12.4,3.42102817,11.55335904,12,
1/19/2018,2,Brown,Yale,1816,24,,0,6,0,6,6.331145936,0.175978535,6.3,
1/19/2018,2,Yale,Brown,1801,24,,0,-16,16,22.6,-16.03039913,16.26399784,22.8,
1/19/2018,2,Brown,Yale,1755,24,,2,0,1,1,0.052128315,0.922542742,0.9,
1/19/2018,2,Brown,Yale,1754,44,,1,2,0,2,1.56966931,0.293899737,1.6,
1/19/2018,2,Yale,Brown,1742,13,,1,-14,2,14.1,-13.94934954,2.140070466,14.1,
1/19/2018,2,Brown,Yale,1734,20,,0,6,3,6.7,6.075010359,2.752280361,6.7,
1/19/2018,2,Brown,Yale,1731,44,,1,3,0,3,3.438709647,-0.200194613,3.4,
1/19/2018,2,Yale,Brown,1716,20,,2,-4,3,5,-3.763983195,2.557560114,4.6,
1/19/2018,2,Yale,Brown,1639,13,,1,4,2,4.5,3.81824341,1.650699584,4.2,
1/19/2018,2,Brown,Yale,1618,25,,0,13,18,22.2,13.32373805,18.37742101,22.7,
1/19/2018,2,Yale,Brown,1541,3,,1,-6,12,13.4,-5.997258588,11.64563782,13.1,
1/19/2018,2,Yale,Brown,1515,2,,0,-17,15,22.7,-17.20556113,15.00164891,22.8,
1/19/2018,2,Brown,Yale,1503,20,,0,-15,11,18.6,-15.29972349,10.55791776,18.6,
1/19/2018,2,Yale,Brown,1455,3,,1,15,15,21.2,15.48318183,14.94287365,21.5,
1/19/2018,2,Brown,Yale,1437,25,,0,4,1,4.1,4.405164742,0.784038137,4.5,
1/19/2018,2,Brown,Yale,1433,25,,1,0,0,0,0.357738196,0.078207767,0.4,
1/19/2018,2,Yale,Brown,1357,24,,0,-4,4,5.7,-4.386793494,4.185321026,6.1,
1/19/2018,2,Brown,Yale,1333,0,,2,-1,5,5.1,-0.59022183,4.556552364,4.6,
1/19/2018,2,Yale,Brown,1320,3,,2,-3,3,4.2,-2.880032291,3.391773941,4.4,
1/19/2018,2,Brown,Yale,1302,20,,0,-19,18,26.2,-19.3820185,18.20664352,26.6,
1/19/2018,2,Yale,Brown,1245,24,,1,4,3,5,4.254195693,3.187233536,5.3,
1/19/2018,2,Brown,Yale,1207,24,,1,0,0,0,-0.026470967,0.152121012,0.2,
1/19/2018,2,Yale,Brown,1144,5,,0,-15,16,21.9,-14.82231993,15.55523116,21.5,
1/19/2018,2,Yale,Brown,1108,24,,0,-15,18,23.4,-14.52150402,17.79803611,23,
1/19/2018,2,Brown,Yale,1100,2,,0,4,21,21.4,4.040938432,21.32367109,21.7,
1/19/2018,2,Brown,Yale,1038,4,,2,-21,2,21.1,-20.68851642,1.845365442,20.8,
1/19/2018,2,Yale,Brown,1018,14,,2,-1,1,1.4,-1.071478497,1.426818269,1.8,
1/19/2018,2,Yale,Brown,950,13,,1,4,1,4.1,4.047107523,0.710554516,4.1,
1/19/2018,2,Brown,Yale,945,24,,1,-19,11,22,-18.62676706,11.14936415,21.7,
1/19/2018,2,Brown,Yale,913,0,,1,-4,3,5,-4.42673657,3.148102569,5.4,
1/19/2018,2,Yale,Brown,858,13,,1,-3,3,4.2,-2.805725782,2.503952347,3.8,
1/19/2018,2,Brown,Yale,847,24,,1,5,23,23.5,5.253857732,22.82155597,23.4,
1/19/2018,2,Yale,Brown,825,14,,0,-4,0,4,-3.590274632,0.233097411,3.6,
1/19/2018,2,Yale,Brown,823,32,,0,2,1,2.2,2.38217331,0.539039146,2.4,
1/19/2018,2,Brown,Yale,810,44,,2,-6,2,6.3,-5.504239605,2.08798321,5.9,
1/19/2018,2,Yale,Brown,750,24,,2,-7,7,9.9,-7.197743516,6.552647393,9.7,
1/19/2018,2,Yale,Brown,715,24,,1,-4,4,5.7,-4.149491965,3.978795141,5.7,
1/19/2018,2,Brown,Yale,656,44,,1,-3,0,3,-3.205832321,-0.403347534,3.2,
1/19/2018,2,Yale,Brown,620,3,,0,8,10,12.8,8.469536314,9.999035176,13.1,
1/19/2018,2,Brown,Yale,544,44,,2,-4,1,4.1,-4.313405886,0.994836124,4.4,
1/19/2018,2,Yale,Brown,525,24,,0,5,3,5.8,4.913154113,3.004648055,5.8,
1/19/2018,2,Brown,Yale,506,4,,2,-6,3,6.7,-5.847354853,2.802899768,6.5,
1/19/2018,2,Yale,Brown,455,32,,2,-5,2,5.4,-5.344329528,2.12030979,5.7,
1/19/2018,2,Brown,Yale,433,25,,1,0,0,0,-0.459932671,0.095168059,0.5,
1/19/2018,2,Yale,Brown,402,32,,1,2,6,6.3,2.373658683,6.06567764,6.5,
1/19/2018,2,Brown,Yale,342,0,,1,-4,2,4.5,-4.355581281,1.98134733,4.8,
1/19/2018,2,Brown,Yale,305,4,,0,2,22,22.1,1.71097708,22.04608249,22.1,
1/19/2018,2,Yale,Brown,250,3,,1,-4,1,4.1,-3.636093891,1.208607058,3.8,
1/19/2018,2,Brown,Yale,230,20,,0,-3,23,23.2,-2.641421844,23.03339463,23.2,
1/19/2018,2,Yale,Brown,207,24,,0,20,10,22.4,20.03533696,10.14709524,22.5,
1/19/2018,2,Yale,Brown,200,3,,1,-2,10,10.2,-2.193717201,10.34985712,10.6,
1/19/2018,2,Brown,Yale,105,4,,1,0,23,23,-0.091555046,22.77219034,22.8,
1/19/2018,2,Yale,Brown,51,3,,1,-6,0,6,-6.065611657,-0.087611653,6.1,
1/19/2018,2,Brown,Yale,44,2,,2,-4,5,6.4,-4.076179032,5.304141951,6.7,
1/19/2018,2,Yale,Brown,33,24,,2,-2,5,5.4,-1.531764416,4.821242193,5.1,
1/19/2018,2,Brown,Yale,5,4,,2,7,4,8.1,6.894314477,4.108780425,8,
1/19/2018,2,Yale,Brown,3,24,,0,3,2,3.6,3.019680539,2.46123554,3.9,
1/19/2018,2,Yale,Brown,0,3,,1,3,32,32.1,2.501811296,31.87398205,32,
1/26/2018,1,Yale,Harvard,1948,24,,0,22,1,22,22.13517568,1.029154821,22.2,
1/26/2018,1,Harvard,Yale,1933,0,,1,5,2,5.4,5.399281926,1.517684204,5.6,
1/26/2018,1,Harvard,Yale,1900,31,,0,20,10,22.4,19.92097436,10.31187338,22.4,
1/26/2018,1,Harvard,Yale,1850,25,,1,2,0,2,1.517467578,0.460040407,1.6,
1/26/2018,1,Harvard,Yale,1808,25,,1,-18,18,25.5,-17.51737089,18.24644142,25.3,
1/26/2018,1,Yale,Harvard,1736,24,,1,7,23,24,7.318699678,22.77393618,23.9,
1/26/2018,1,Harvard,Yale,1713,0,,0,-1,6,6.1,-1.332412108,5.60808649,5.8,
1/26/2018,1,Yale,Harvard,1653,20,,0,-9,16,18.4,-9.444681072,15.68352543,18.3,
1/26/2018,1,Harvard,Yale,1636,25,,1,-16,18,24.1,-15.71619406,18.22762558,24.1,
1/26/2018,1,Yale,Harvard,1612,32,,0,-22,6,22.8,-22.17791399,5.684720329,22.9,
1/26/2018,1,Yale,Harvard,1608,13,,0,-21,5,21.6,-21.01766415,5.217473706,21.7,
1/26/2018,1,Harvard,Yale,1548,0,,0,6,2,6.3,6.337337069,1.737668593,6.6,
1/26/2018,1,Yale,Harvard,1534,13,,1,-1,3,3.2,-0.721206996,2.838831463,2.9,
1/26/2018,1,Harvard,Yale,1515,31,,1,-3,4,5,-3.234324765,4.058990685,5.2,
1/26/2018,1,Yale,Harvard,1453,2,,0,15,15,21.2,14.9010982,14.88450187,21.1,
1/26/2018,1,Harvard,Yale,1415,44,,1,2,1,2.2,1.983289242,1.231816438,2.3,
1/26/2018,1,Yale,Harvard,1359,13,,2,4,2,4.5,4.004979945,2.283848447,4.6,
1/26/2018,1,Yale,Harvard,1330,24,,0,7,10,12.2,7.235148449,9.514624357,12,
1/26/2018,1,Harvard,Yale,1321,11,,1,20,12,23.3,20.42643558,11.74387259,23.6,
1/26/2018,1,Harvard,Yale,1244,31,,0,-11,3,11.4,-10.90330687,3.25723863,11.4,
1/26/2018,1,Yale,Harvard,1225,4,,0,-3,0,3,-2.937908153,-0.484017374,3,
1/26/2018,1,Yale,Harvard,1215,5,,0,-1,7,7.1,-1.076799832,6.759546935,6.8,
1/26/2018,1,Harvard,Yale,1212,20,,1,-15,16,21.9,-15.47464024,16.17208186,22.4,
1/26/2018,1,Harvard,Yale,1136,11,,0,3,2,3.6,2.506985423,1.736502812,3,
1/26/2018,1,Harvard,Yale,1122,20,,0,1,18,18,1.296626625,18.12993252,18.2,
1/26/2018,1,Yale,Harvard,1108,5,,1,9,21,22.8,9.096126637,20.70393054,22.6,
1/26/2018,1,Harvard,Yale,1045,31,,0,-5,7,8.6,-4.607799982,7.074678291,8.4,
1/26/2018,1,Yale,Harvard,1025,5,,0,8,1,8.1,8.232782703,0.865538404,8.3,
1/26/2018,1,Harvard,Yale,1016,25,,1,19,17,25.5,19.47393905,16.81236364,25.7,
1/26/2018,1,Yale,Harvard,954,4,,1,23,0,23,23.12213093,-0.078928517,23.1,
1/26/2018,1,Harvard,Yale,934,0,,1,0,0,0,-0.075086143,-0.412607811,0.4,
1/26/2018,1,Yale,Harvard,809,32,,0,15,15,21.2,15.26579147,14.5425837,21.1,
1/26/2018,1,Harvard,Yale,752,31,,1,0,0,0,0.38438209,0.280574496,0.5,
1/26/2018,1,Yale,Harvard,720,5,,1,-16,17,23.3,-16.29770425,17.05563284,23.6,
1/26/2018,1,Yale,Harvard,648,24,,1,0,0,0,-0.070790134,0.11972977,0.1,
1/26/2018,1,Harvard,Yale,623,20,,0,21,3,21.2,20.98942288,3.497288769,21.3,
1/26/2018,1,Yale,Harvard,611,2,,0,22,10,24.2,22.32886541,10.06638446,24.5,
1/26/2018,1,Yale,Harvard,609,32,,2,-5,2,5.4,-4.887586939,2.437903112,5.5,
1/26/2018,1,Harvard,Yale,548,31,,0,7,19,20.2,6.535690823,18.95346165,20,
1/26/2018,1,Yale,Harvard,531,5,,0,-22,2,22.1,-21.53931095,2.082780286,21.6,
1/26/2018,1,Harvard,Yale,525,11,,0,9,21,22.8,9.229519046,20.84562409,22.8,
1/26/2018,1,Harvard,Yale,507,0,,1,4,1,4.1,4.04059523,0.568392679,4.1,
1/26/2018,1,Yale,Harvard,453,13,,0,-4,3,5,-4.062201925,3.434657313,5.3,
1/26/2018,1,Harvard,Yale,442,31,,1,-4,2,4.5,-3.730569309,1.776284726,4.1,
1/26/2018,1,Yale,Harvard,427,2,,2,-6,4,7.2,-5.917901613,3.978914888,7.1,
1/26/2018,1,Yale,Harvard,359,4,,0,-22,4,22.4,-21.68307264,3.592659953,22,
1/26/2018,1,Harvard,Yale,348,25,,0,-22,3,22.2,-22.48463923,2.838585457,22.7,
1/26/2018,1,Yale,Harvard,326,20,,0,-5,2,5.4,-4.828938056,2.337661656,5.4,
1/26/2018,1,Harvard,Yale,302,22,,0,-3,21,21.2,-2.510314618,20.76837796,20.9,
1/26/2018,1,Yale,Harvard,231,20,,1,-5,4,6.4,-4.809534788,4.472289489,6.6,
1/26/2018,1,Harvard,Yale,200,25,,0,-19,15,24.2,-18.62624986,15.17959878,24,
1/26/2018,1,Yale,Harvard,153,4,,0,4,0,4,3.650339104,0.347114925,3.7,
1/26/2018,1,Harvard,Yale,127,31,,0,21,7,22.1,21.47653789,7.016997072,22.6,
1/26/2018,1,Yale,Harvard,113,24,,0,-18,13,22.2,-17.64622638,12.52563425,21.6,
1/26/2018,1,Yale,Harvard,110,13,,1,-2,0,2,-1.519864924,-0.118629754,1.5,
1/26/2018,1,Yale,Harvard,20,3,,2,-5,6,7.8,-5.315510324,6.445837907,8.4,
1/26/2018,1,Yale,Harvard,2,13,,0,-3,24,24.2,-2.558786351,23.73141661,23.9,
1/26/2018,2,Harvard,Yale,1940,25,,0,-3,18,18.2,-3.482289503,17.85942401,18.2,
1/26/2018,2,Yale,Harvard,1926,2,,0,2,2,2.8,2.441445469,2.22257371,3.3,
1/26/2018,2,Yale,Harvard,1906,24,,0,5,17,17.7,5.42453127,17.35028819,18.2,
1/26/2018,2,Yale,Harvard,1909,32,,0,-5,3,5.8,-5.356201419,2.677872118,6,
1/26/2018,2,Harvard,Yale,1840,0,,1,0,4,4,-0.497398133,4.110422246,4.1,
1/26/2018,2,Yale,Harvard,1811,32,,0,4,6,7.2,4.377272546,5.950858207,7.4,
1/26/2018,2,Harvard,Yale,1745,31,,0,20,20,28.3,20.36464673,19.75364637,28.4,
1/26/2018,2,Harvard,Yale,1640,0,,1,1,4,4.1,1.005793043,3.642152881,3.8,
1/26/2018,2,Yale,Harvard,1620,2,,1,-22,2,22.1,-21.91919675,1.879040275,22,
1/26/2018,2,Harvard,Yale,1605,20,,1,-8,23,24.4,-7.591699452,23.3261503,24.5,
1/26/2018,2,Yale,Harvard,1547,24,,0,-5,3,5.8,-5.215454681,3.172585588,6.1,
1/26/2018,2,Yale,Harvard,1525,32,,0,-21,7,22.1,-20.52822276,7.215971629,21.8,
1/26/2018,2,Harvard,Yale,1512,31,,1,21,8,22.5,21.15782146,7.560146617,22.5,
1/26/2018,2,Yale,Harvard,1450,32,,0,9,21,22.8,8.99893845,21.21738109,23,
1/26/2018,2,Yale,Harvard,1448,20,,0,4,2,4.5,3.701240264,1.736236459,4.1,
1/26/2018,2,Harvard,Yale,1435,0,,0,4,2,4.5,3.688008676,2.182762347,4.3,
1/26/2018,2,Yale,Harvard,1424,24,,0,-19,13,23,-18.72046531,13.22817053,22.9,
1/26/2018,2,Harvard,Yale,1415,11,,0,8,23,24.4,7.687057838,22.57407741,23.8,
1/26/2018,2,Yale,Harvard,1357,3,,1,-3,1,3.2,-2.867416926,1.299066835,3.1,
1/26/2018,2,Harvard,Yale,1338,31,,0,-3,24,24.2,-2.955119068,23.81878708,24,
1/26/2018,2,Yale,Harvard,1330,3,,0,5,2,5.4,5.216172009,1.674661065,5.5,
1/26/2018,2,Yale,Harvard,1300,4,,1,-3,0,3,-3.251615906,-0.059358374,3.3,
1/26/2018,2,Harvard,Yale,1240,5,,0,-9,13,15.8,-9.060364368,13.4552265,16.2,
1/26/2018,2,Yale,Harvard,1223,20,,1,0,3,3,-0.205049428,3.465447438,3.5,
1/26/2018,2,Harvard,Yale,1153,20,,0,-4,24,24.3,-3.83679312,23.69270886,24,
1/26/2018,2,Yale,Harvard,1125,3,,0,-7,9,11.4,-7.23752497,9.436613288,11.9,
1/26/2018,2,Yale,Harvard,1106,4,,0,10,19,21.5,10.34666415,18.8625517,21.5,
1/26/2018,2,Harvard,Yale,1038,0,,2,1,0,1,1.260939125,0.477064249,1.3,
1/26/2018,2,Yale,Harvard,1026,24,,0,18,12,21.6,17.94167321,11.9857324,21.6,
1/26/2018,2,Harvard,Yale,1004,22,,0,22,5,22.6,21.69136168,4.819409008,22.2,
1/26/2018,2,Yale,Harvard,925,5,,0,-3,1,3.2,-2.812100065,0.968036187,3,
1/26/2018,2,Harvard,Yale,906,0,,0,1,6,6.1,1.080504883,6.228963354,6.3,
1/26/2018,2,Yale,Harvard,900,5,,0,22,2,22.1,22.43139128,1.50729124,22.5,
1/26/2018,2,Yale,Harvard,856,5,,1,3,1,3.2,2.536749885,0.996172184,2.7,
1/26/2018,2,Harvard,Yale,834,0,,1,0,0,0,0.300999509,0.475493642,0.6,
1/26/2018,2,Yale,Harvard,815,13,,2,-6,3,6.7,-5.967539407,3.364540827,6.9,
1/26/2018,2,Harvard,Yale,756,11,,0,-15,16,21.9,-15.12344846,16.34920929,22.3,
1/26/2018,2,Yale,Harvard,750,3,,2,-2,1,2.2,-1.644264507,0.818012349,1.8,
1/26/2018,2,Harvard,Yale,727,44,,1,1,0,1,0.62699458,0.297262887,0.7,
1/26/2018,2,Yale,Harvard,711,3,,1,6,2,6.3,5.907897932,1.838491129,6.2,
1/26/2018,2,Yale,Harvard,650,13,,1,0,0,0,0.40845275,0.162371639,0.4,
1/26/2018,2,Harvard,Yale,630,44,,0,-3,5,5.8,-2.864902191,5.257334917,6,
1/26/2018,2,Harvard,Yale,604,25,,0,-16,19,24.8,-15.62843119,18.65356241,24.3,
1/26/2018,2,Yale,Harvard,544,13,,0,6,2,6.3,6.430498013,1.693052632,6.6,
1/26/2018,2,Harvard,Yale,520,31,,0,5,24,24.5,5.400966465,23.82623356,24.4,
1/26/2018,2,Yale,Harvard,511,24,,1,0,3,3,0.065234383,2.64994903,2.7,
1/26/2018,2,Harvard,Yale,454,0,,1,1,2,2.2,1.074068481,1.857596207,2.1,
1/26/2018,2,Harvard,Yale,407,31,,0,-6,4,7.2,-5.621511827,4.096487518,7,
1/26/2018,2,Yale,Harvard,312,24,,0,11,2,11.2,10.68625965,1.621459106,10.8,
1/26/2018,2,Yale,Harvard,240,5,,0,-3,16,16.3,-2.55959821,15.81180564,16,
1/26/2018,2,Harvard,Yale,211,20,,2,-19,11,22,-18.73978549,11.09070868,21.8,
1/26/2018,2,Yale,Harvard,137,32,,0,5,3,5.8,4.620821592,2.615375001,5.3,
1/26/2018,2,Harvard,Yale,107,20,,0,-16,19,24.8,-15.8201805,18.94603379,24.7,
1/26/2018,2,Yale,Harvard,47,24,,0,-16,17,23.3,-16.32356852,17.45514016,23.9,
1/26/2018,2,Harvard,Yale,16,22,,0,-22,0,22,-22.45924683,-0.316854839,22.5,
1/26/2018,2,Yale,Harvard,4,24,,0,-18,14,22.8,-18.14462105,13.59175836,22.7,
1/26/2018,2,Yale,Harvard,0,3,,1,9,19,21,9.406432398,18.98834247,21.2,
2/2/2018,1,Penn,Brown,1938,0,,1,-5,3,5.8,-5.374311026,2.971118818,6.1,
2/2/2018,1,Brown,Penn,1919,4,,1,7,21,22.1,6.756640967,21.08382634,22.1,
2/2/2018,1,Penn,Brown,1902,0,,0,1,2,2.2,0.501422156,1.603381767,1.7,
2/2/2018,1,Penn,Brown,1849,0,,0,-3,4,5,-2.550290258,3.667818045,4.5,
2/2/2018,1,Brown,Penn,1826,44,,0,7,2,7.3,7.217890005,2.080859633,7.5,
2/2/2018,1,Penn,Brown,1819,21,,2,-8,0,8,-7.626220829,0.060644916,7.6,
2/2/2018,1,Brown,Penn,1804,20,,1,22,9,23.8,21.82315489,8.651957427,23.5,
2/2/2018,1,Brown,Penn,1734,24,,0,2,21,21.1,2.171833903,21.00750721,21.1,
2/2/2018,1,Brown,Penn,1713,2,,1,3,1,3.2,2.682691628,0.720764061,2.8,
2/2/2018,1,Brown,Penn,1647,24,,1,13,10,16.4,12.57813723,9.842109093,16,
2/2/2018,1,Brown,Penn,1622,2,,0,3,15,15.3,2.53632541,15.08288251,15.3,
2/2/2018,1,Penn,Brown,1604,25,,1,4,0,4,4.290053615,-0.098755119,4.3,
2/2/2018,1,Brown,Penn,1555,24,,1,-18,17,24.8,-17.75929833,16.58904249,24.3,
2/2/2018,1,Penn,Brown,1537,2,,0,22,0,22,22.36634971,-0.190486967,22.4,
2/2/2018,1,Brown,Penn,1525,24,,1,-15,3,15.3,-15.11274517,3.370649375,15.5,
2/2/2018,1,Penn,Brown,1511,2,,1,19,10,21.5,18.98506277,9.50724872,21.2,
2/2/2018,1,Brown,Penn,1454,4,,0,-9,10,13.5,-8.9364375,9.806969203,13.3,
2/2/2018,1,Penn,Brown,1444,25,,1,-3,3,4.2,-3.09297741,3.281588122,4.5,
2/2/2018,1,Brown,Penn,1434,2,,0,3,0,3,3.488272154,0.284253506,3.5,
2/2/2018,1,Penn,Brown,1419,2,,1,3,2,3.6,3.376233965,1.697783797,3.8,
2/2/2018,1,Brown,Penn,1403,24,,1,12,7,13.9,12.17416516,7.110171389,14.1,
2/2/2018,1,Penn,Brown,1341,25,,1,-2,4,4.5,-2.037907298,3.520330565,4.1,
2/2/2018,1,Brown,Penn,1315,20,,2,-12,5,13,-12.32964611,4.783799768,13.2,
2/2/2018,1,Penn,Brown,1258,2,,1,9,20,21.9,8.979276459,19.84392289,21.8,
2/2/2018,1,Brown,Penn,1238,4,,0,4,1,4.1,4.114528051,0.900728961,4.2,
2/2/2018,1,Brown,Penn,1224,5,,1,-10,6,11.7,-9.866906939,5.604331525,11.3,
2/2/2018,1,Penn,Brown,1147,10,,1,-21,5,21.6,-21.43975222,5.360795481,22.1,
2/2/2018,1,Brown,Penn,1131,20,,0,-6,3,6.7,-6.268981774,2.634908213,6.8,
2/2/2018,1,Brown,Penn,1121,24,,0,-10,22,24.2,-10.17270732,22.48900222,24.7,
2/2/2018,1,Penn,Brown,1101,3,,0,1,4,4.1,0.726038662,3.541728204,3.6,
2/2/2018,1,Penn,Brown,1031,21,,0,-4,1,4.1,-3.944618031,0.924453264,4.1,
2/2/2018,1,Penn,Brown,1024,10,,1,-8,12,14.4,-7.568516364,11.97350987,14.2,
2/2/2018,1,Brown,Penn,1013,2,,0,3,2,3.6,3.415737917,1.597828489,3.8,
2/2/2018,1,Penn,Brown,952,25,,0,0,8,8,0.385502553,7.611607701,7.6,
2/2/2018,1,Brown,Penn,941,2,,1,2,21,21.1,1.760791391,21.32757187,21.4,
2/2/2018,1,Penn,Brown,924,21,,0,-4,11,11.7,-3.70292816,10.54349998,11.2,
2/2/2018,1,Penn,Brown,849,4,,0,-19,17,25.5,-18.56912277,17.06035025,25.2,
2/2/2018,1,Brown,Penn,833,20,,0,-3,23,23.2,-3.208099888,23.48397517,23.7,
2/2/2018,1,Brown,Penn,820,25,,1,4,2,4.5,4.10670264,2.006159667,4.6,
2/2/2018,1,Penn,Brown,756,4,,0,3,2,3.6,3.196624534,1.961810169,3.8,
2/2/2018,1,Brown,Penn,750,20,,2,3,2,3.6,3.398528192,1.759797677,3.8,
2/2/2018,1,Penn,Brown,710,2,,0,7,2,7.3,7.173515639,2.012391584,7.5,
2/2/2018,1,Brown,Penn,651,20,,0,2,14,14.1,2.425872182,14.33305067,14.5,
2/2/2018,1,Penn,Brown,643,21,,0,10,21,23.3,9.647660787,20.51671195,22.7,
2/2/2018,1,Penn,Brown,626,25,,0,-9,19,21,-9.045108318,18.89064303,20.9,
2/2/2018,1,Brown,Penn,610,2,,0,-10,16,18.9,-9.848501747,15.71059999,18.5,
2/2/2018,1,Penn,Brown,602,25,,2,-4,2,4.5,-4.425280872,1.534379801,4.7,
2/2/2018,1,Brown,Penn,547,24,,1,6,8,10,6.472718964,8.134624522,10.4,
2/2/2018,1,Penn,Brown,535,21,,1,-3,3,4.2,-2.925140143,3.385838012,4.5,
2/2/2018,1,Penn,Brown,514,21,,2,3,5,5.8,3.370008988,4.871538288,5.9,
2/2/2018,1,Brown,Penn,450,25,,1,2,3,3.6,2.427110069,3.209338502,4,
2/2/2018,1,Brown,Penn,433,20,,1,1,0,1,0.509163339,-0.190938592,0.5,
2/2/2018,1,Penn,Brown,404,4,,2,3,5,5.8,3.318521872,4.711192863,5.8,
2/2/2018,1,Brown,Penn,348,20,,1,-18,12,21.6,-18.34806679,11.81887152,21.8,
2/2/2018,1,Penn,Brown,316,21,,1,-2,0,2,-1.873192379,-0.141857419,1.9,
2/2/2018,1,Brown,Penn,252,25,,0,-2,1,2.2,-2.005795049,0.686969695,2.1,
2/2/2018,1,Brown,Penn,250,24,,1,-1,13,13,-0.939568291,12.50421129,12.5,
2/2/2018,1,Penn,Brown,225,3,,0,3,0,3,2.694218427,0.462058801,2.7,
2/2/2018,1,Brown,Penn,220,2,,1,-2,0,2,-2.475291262,-0.026969422,2.5,
2/2/2018,1,Brown,Penn,151,2,,2,2,3,3.6,1.704217293,2.969434944,3.4,
2/2/2018,1,Penn,Brown,132,25,,0,-5,0,5,-5.442888509,-0.289258517,5.5,
2/2/2018,1,Penn,Brown,130,25,,0,-2,1,2.2,-2.048630905,0.804714478,2.2,
2/2/2018,1,Penn,Brown,128,25,,2,-2,4,4.5,-1.652829051,4.173107328,4.5,
2/2/2018,1,Brown,Penn,111,24,,0,-14,6,15.2,-14.12961399,5.780076675,15.3,
2/2/2018,1,Penn,Brown,105,2,,2,-4,10,10.8,-4.385219382,9.68583277,10.6,
2/2/2018,1,Brown,Penn,55,4,,0,-16,18,24.1,-16.28061292,17.50822735,23.9,
2/2/2018,1,Penn,Brown,34,0,,2,16,6,17.1,16.13581256,6.168539532,17.3,
2/2/2018,1,Brown,Penn,5,4,,1,3,1,3.2,2.538638081,0.769280156,2.7,
2/2/2018,1,Penn,Brown,1,2,,1,8,29,30.1,8.209656939,29.1960693,30.3,
2/2/2018,2,Brown,Penn,1942,20,,0,-9,18,20.1,-9.106442796,18.33670185,20.5,
2/2/2018,2,Penn,Brown,1931,2,,1,19,11,22,18.93515266,11.09044386,21.9,
2/2/2018,2,Brown,Penn,1915,24,,1,-14,2,14.1,-13.95199675,1.539695246,14,
2/2/2018,2,Penn,Brown,1905,4,,1,4,1,4.1,4.447254185,0.613565249,4.5,
2/2/2018,2,Brown,Penn,1850,24,,1,-11,0,11,-11.10473228,0.373271056,11.1,
2/2/2018,2,Penn,Brown,1828,4,,1,-3,1,3.2,-2.657830278,1.329875444,3,
2/2/2018,2,Brown,Penn,1723,2,,2,3,3,4.2,2.661051975,3.04827754,4,
2/2/2018,2,Penn,Brown,1714,10,,1,22,3,22.2,21.94251506,2.988869595,22.1,
2/2/2018,2,Brown,Penn,1700,24,,1,-1,24,24,-0.594134227,24.04977029,24.1,
2/2/2018,2,Penn,Brown,1640,4,,2,-3,2,3.6,-3.093707668,2.320530359,3.9,
2/2/2018,2,Brown,Penn,1622,25,,0,-3,3,4.2,-2.999202873,3.00897505,4.2,
2/2/2018,2,Brown,Penn,1620,25,,1,1,0,1,0.898915586,-0.251409257,0.9,
2/2/2018,2,Penn,Brown,1604,10,,0,-22,7,23.1,-21.91307843,7.20767329,23.1,
2/2/2018,2,Brown,Penn,1557,20,,0,-7,20,21.2,-6.540458665,19.930675,21,
2/2/2018,2,Penn,Brown,1523,10,,1,1,3,3.2,0.673159677,2.881379989,3,
2/2/2018,2,Brown,Penn,1512,11,,1,-3,1,3.2,-2.85406986,0.582761905,2.9,
2/2/2018,2,Penn,Brown,1452,2,,0,-6,7,9.2,-6.483110106,7.069116203,9.6,
2/2/2018,2,Penn,Brown,1444,10,,1,-4,22,22.4,-3.873609744,22.1761302,22.5,
2/2/2018,2,Brown,Penn,1423,25,,0,3,3,4.2,2.655080853,2.968836691,4,
2/2/2018,2,Penn,Brown,1414,0,,1,5,1,5.1,5.277946516,1.144367794,5.4,
2/2/2018,2,Brown,Penn,1343,4,,0,1,23,23,1.430399183,22.93418591,23,
2/2/2018,2,Brown,Penn,1324,24,,0,11,7,13,11.01091098,6.708579656,12.9,
2/2/2018,2,Penn,Brown,1306,10,,0,20,16,25.6,20.30602404,16.48557776,26.2,
2/2/2018,2,Brown,Penn,1252,25,,1,-3,2,3.6,-3.321357294,2.378862628,4.1,
2/2/2018,2,Brown,Penn,1215,5,,2,5,2,5.4,4.92618425,2.089492999,5.4,
2/2/2018,2,Penn,Brown,1201,2,,0,-14,19,23.6,-14.32336902,18.69804753,23.6,
2/2/2018,2,Brown,Penn,1150,20,,0,3,2,3.6,2.600438641,2.156293872,3.4,
2/2/2018,2,Brown,Penn,1147,25,,0,2,1,2.2,1.935429289,1.451898165,2.4,
2/2/2018,2,Penn,Brown,1136,21,,1,22,9,23.8,21.68559594,8.763078279,23.4,
2/2/2018,2,Brown,Penn,1118,25,,1,-1,0,1,-1.058700069,0.064496195,1.1,
2/2/2018,2,Penn,Brown,1050,10,,1,-22,7,23.1,-22.45479766,7.177122603,23.6,
2/2/2018,2,Penn,Brown,1022,21,,0,-21,10,23.3,-20.7661257,9.522806472,22.8,
2/2/2018,2,Brown,Penn,1015,2,,0,-5,2,5.4,-4.919494122,1.833063998,5.2,
2/2/2018,2,Brown,Penn,1011,24,,0,-16,5,16.8,-16.22029872,5.265694149,17.1,
2/2/2018,2,Brown,Penn,1002,2,,1,-3,3,4.2,-3.009082565,2.668619949,4,
2/2/2018,2,Penn,Brown,940,2,,1,-3,0,3,-2.939244774,-0.342217942,3,
2/2/2018,2,Brown,Penn,924,2,,0,-1,16,16,-1.196462438,16.11661108,16.2,
2/2/2018,2,Penn,Brown,900,10,,1,2,2,2.8,1.540975469,2.235909665,2.7,
2/2/2018,2,Brown,Penn,840,2,,1,-1,3,3.2,-0.741267169,3.45205108,3.5,
2/2/2018,2,Brown,Penn,801,44,,1,2,2,2.8,1.947827878,2.375442742,3.1,
2/2/2018,2,Penn,Brown,743,25,,0,-2,5,5.4,-1.99497267,4.729785824,5.1,
2/2/2018,2,Penn,Brown,737,21,,0,23,1,23,23.40399474,1.478814065,23.5,
2/2/2018,2,Brown,Penn,712,24,,1,-23,8,24.4,-22.62467689,7.871228692,24,
2/2/2018,2,Penn,Brown,653,0,,1,-4,2,4.5,-3.92217555,2.191312337,4.5,
2/2/2018,2,Brown,Penn,626,2,,1,-3,1,3.2,-3.444307453,0.892032724,3.6,
2/2/2018,2,Brown,Penn,549,20,,0,3,1,3.2,2.748880097,1.290810565,3,
2/2/2018,2,Penn,Brown,537,21,,1,2,2,2.8,2.371698962,2.497261545,3.4,
2/2/2018,2,Brown,Penn,518,4,,0,-1,1,1.4,-1.489329403,1.026139688,1.8,
2/2/2018,2,Brown,Penn,501,24,,1,5,21,21.6,5.383797396,21.4986249,22.2,
2/2/2018,2,Penn,Brown,416,2,,2,-3,4,5,-2.748642808,3.932273245,4.8,
2/2/2018,2,Brown,Penn,350,20,,2,-5,2,5.4,-5.131939985,2.428978571,5.7,
2/2/2018,2,Penn,Brown,325,2,,0,11,22,24.6,10.50594814,21.76594041,24.2,
2/2/2018,2,Brown,Penn,304,4,,1,3,1,3.2,2.727981469,1.358762542,3,
2/2/2018,2,Penn,Brown,250,21,,2,-3,6,6.7,-2.548762344,5.813904233,6.3,
2/2/2018,2,Brown,Penn,205,24,,0,8,24,25.3,7.81423609,24.2273774,25.5,
2/2/2018,2,Penn,Brown,150,4,,2,-10,0,10,-10.00696627,0.16852591,10,
2/2/2018,2,Brown,Penn,130,24,,0,8,14,16.1,7.569263374,13.91795165,15.8,
2/2/2018,2,Penn,Brown,112,4,,2,4,9,9.8,3.937211435,9.117439511,9.9,
2/2/2018,2,Brown,Penn,48,25,,0,4,2,4.5,3.756077745,2.451521085,4.5,
2/2/2018,2,Penn,Brown,17,2,,0,-14,18,22.8,-14.25299603,17.52237817,22.6,
2/2/2018,2,Penn,Brown,3,21,,0,-5,2,5.4,-4.637413127,1.965446993,5,
2/2/2018,3,Brown,Penn,437,4,,1,-5,14,14.9,-5.052088664,14.136116,15,
2/2/2018,3,Brown,Penn,406,4,,0,2,23,23.1,1.623140425,22.88833989,22.9,
2/2/2018,3,Penn,Brown,355,4,,0,3,13,13.3,2.913871939,13.01246437,13.3,
2/2/2018,3,Penn,Brown,345,25,,0,2,1,2.2,2.203897309,0.815295582,2.3,
2/2/2018,3,Brown,Penn,337,4,,0,-2,2,2.8,-1.584584802,2.069910507,2.6,
2/2/2018,3,Penn,Brown,333,2,,2,4,5,6.4,4.453993979,5.013935571,6.7,
2/2/2018,3,Brown,Penn,328,24,,1,-3,15,15.3,-3.426893307,15.44652481,15.8,
2/2/2018,3,Penn,Brown,303,0,,1,-2,0,2,-2.216617822,0.249390447,2.2,
2/2/2018,3,Brown,Penn,238,2,,0,-3,2,3.6,-3.189606773,2.387697431,4,
2/2/2018,3,Penn,Brown,218,10,,1,-2,2,2.8,-1.623520715,2.016565642,2.6,
2/2/2018,3,Brown,Penn,210,2,,1,-3,1,3.2,-2.669483807,0.504921746,2.7,
2/2/2018,3,Penn,Brown,147,0,,2,3,5,5.8,2.962245325,4.885588756,5.7,
2/2/2018,3,Brown,Penn,138,20,,1,-3,3,4.2,-2.907577834,3.170346518,4.3,
2/2/2018,3,Penn,Brown,111,4,,2,3,3,4.2,3.246949701,2.849680082,4.3,
2/2/2018,3,Brown,Penn,56,20,,0,-10,20,22.4,-10.10684004,20.47869658,22.8,
2/2/2018,3,Penn,Brown,30,0,,1,-2,7,7.3,-2.265535621,7.339886988,7.7,
2/2/2018,3,Brown,Penn,15,24,,2,-5,15,15.8,-5.365676575,15.18117691,16.1,
2/2/2018,3,Brown,Penn,6,20,,0,-12,24,26.8,-11.92570694,24.28833965,27.1,
2/6/2018,1,Penn,Princeton,1930,2,,0,9,9,12.7,9.402830723,8.669048999,12.8,
2/6/2018,1,Penn,Princeton,1920,21,,0,22,5,22.6,21.78210261,4.527757681,22.2,
2/6/2018,1,Princeton,Penn,1856,3,,0,7,2,7.3,7.269816734,1.653798788,7.5,
2/6/2018,1,Penn,Princeton,1841,4,,1,17,14,22,16.50857981,14.06441184,21.7,
2/6/2018,1,Princeton,Penn,1818,35,,0,4,23,23.3,3.592776688,22.94379608,23.2,
2/6/2018,1,Penn,Princeton,1800,25,,0,5,3,5.8,4.972978187,3.238534447,5.9,
2/6/2018,1,Penn,Princeton,1755,21,,1,20,13,23.9,20.12526122,12.99518996,24,
2/6/2018,1,Penn,Princeton,1724,2,,1,-2,0,2,-1.799030083,0.161409243,1.8,
2/6/2018,1,Princeton,Penn,1656,5,,0,-3,0,3,-3.499279039,-0.064908932,3.5,
2/6/2018,1,Penn,Princeton,1645,2,,1,15,16,21.9,14.9271537,16.27070657,22.1,
2/6/2018,1,Penn,Princeton,1620,21,,0,-6,2,6.3,-6.370671991,2.406821761,6.8,
2/6/2018,1,Penn,Princeton,1618,2,,0,19,14,23.6,18.5130689,14.31815143,23.4,
2/6/2018,1,Princeton,Penn,1548,4,,1,15,17,22.7,14.73193878,17.15465873,22.6,
2/6/2018,1,Penn,Princeton,1518,0,,1,2,4,4.5,1.622909152,3.825914374,4.2,
2/6/2018,1,Princeton,Penn,1504,4,,0,-22,4,22.4,-22.26224393,3.949216138,22.6,
2/6/2018,1,Penn,Princeton,1446,21,,0,3,0,3,3.25787986,-0.42496696,3.3,
2/6/2018,1,Princeton,Penn,1436,12,,1,-5,4,6.4,-4.681302597,3.862663056,6.1,
2/6/2018,1,Penn,Princeton,1419,10,,1,2,2,2.8,1.606173648,1.663151168,2.3,
2/6/2018,1,Princeton,Penn,1358,0,,0,-12,20,23.3,-12.20169913,20.07102164,23.5,
2/6/2018,1,Princeton,Penn,1342,3,,1,-22,3,22.2,-22.30448808,2.697139704,22.5,
2/6/2018,1,Princeton,Penn,1235,12,,0,-3,1,3.2,-3.310518781,0.850668624,3.4,
2/6/2018,1,Penn,Princeton,1222,21,,1,10,22,24.2,9.997892383,21.765592,24,
2/6/2018,1,Princeton,Penn,1208,3,,0,2,25,25.1,2.080349443,24.88465914,25,
2/6/2018,1,Penn,Princeton,1200,21,,1,-4,1,4.1,-3.638988507,1.121092534,3.8,
2/6/2018,1,Princeton,Penn,1146,5,,1,15,17,22.7,15.03133598,16.70544736,22.5,
2/6/2018,1,Penn,Princeton,1124,4,,1,2,0,2,2.368511338,0.021658199,2.4,
2/6/2018,1,Princeton,Penn,1100,4,,2,-10,0,10,-10.41597684,0.07459784,10.4,
2/6/2018,1,Penn,Princeton,1045,10,,0,21,13,24.7,21.44482294,12.98910269,25.1,
2/6/2018,1,Princeton,Penn,1027,35,,1,0,0,0,0.344810092,-0.321995419,0.5,
2/6/2018,1,Penn,Princeton,1003,10,,0,-22,3,22.2,-21.88403403,2.512529263,22,
2/6/2018,1,Penn,Princeton,945,4,,1,-8,22,23.4,-7.768106424,21.59428554,22.9,
2/6/2018,1,Princeton,Penn,927,5,,1,7,21,22.1,6.526110016,20.9494536,21.9,
2/6/2018,1,Penn,Princeton,913,10,,0,3,22,22.2,2.900577368,22.3854207,22.6,
2/6/2018,1,Princeton,Penn,905,5,,2,-4,2,4.5,-4.096672429,1.637823404,4.4,
2/6/2018,1,Penn,Princeton,833,10,,0,-2,18,18.1,-2.007222606,18.263915,18.4,
2/6/2018,1,Princeton,Penn,814,12,,1,-11,19,22,-11.38615535,18.73964932,21.9,
2/6/2018,1,Princeton,Penn,756,3,,0,2,3,3.6,1.929723217,3.461555494,4,
2/6/2018,1,Princeton,Penn,752,0,,0,10,22,24.2,9.791415157,21.77918242,23.9,
2/6/2018,1,Princeton,Penn,750,12,,1,0,1,1,-0.286930237,0.656143461,0.7,
2/6/2018,1,Penn,Princeton,731,2,,0,3,0,3,3.480716953,-0.34112239,3.5,
2/6/2018,1,Penn,Princeton,653,21,,1,-3,3,4.2,-3.096500204,2.532998123,4,
2/6/2018,1,Princeton,Penn,627,3,,0,13,21,24.7,13.17416941,20.71938878,24.6,
2/6/2018,1,Penn,Princeton,607,25,,0,-3,0,3,-3.049134243,0.449028603,3.1,
2/6/2018,1,Princeton,Penn,602,12,,0,3,1,3.2,3.477733293,0.6536335,3.5,
2/6/2018,1,Princeton,Penn,520,5,,1,1,3,3.2,1.345149349,2.988494721,3.3,
2/6/2018,1,Penn,Princeton,456,0,,0,-6,2,6.3,-6.271677265,2.170040756,6.6,
2/6/2018,1,Penn,Princeton,430,21,,0,-12,21,24.2,-11.52436143,20.71739012,23.7,
2/6/2018,1,Princeton,Penn,413,13,,0,-7,2,7.3,-6.863412269,2.412482546,7.3,
2/6/2018,1,Penn,Princeton,349,4,,2,-2,2,2.8,-1.72952831,1.819156133,2.5,
2/6/2018,1,Princeton,Penn,339,33,,0,7,23,24,6.868050584,23.31835129,24.3,
2/6/2018,1,Penn,Princeton,330,10,,0,23,1,23,22.8005809,0.676737437,22.8,
2/6/2018,1,Princeton,Penn,257,33,,0,0,7,7,-0.216756152,7.066236535,7.1,
2/6/2018,1,Penn,Princeton,246,0,,0,5,4,6.4,5.268009468,3.992715553,6.6,
2/6/2018,1,Penn,Princeton,225,0,,0,-3,4,5,-3.012741906,4.148334991,5.1,
2/6/2018,1,Princeton,Penn,219,3,,1,0,2,2,0.389916529,2.198542089,2.2,
2/6/2018,1,Penn,Princeton,159,10,,1,-1,23,23,-1.327362759,22.8895773,22.9,
2/6/2018,1,Penn,Princeton,131,2,,2,2,3,3.6,2.039935303,3.364089645,3.9,
2/6/2018,1,Princeton,Penn,115,12,,0,-18,2,18.1,-17.83899319,1.685209901,17.9,
2/6/2018,1,Penn,Princeton,100,0,,2,-2,0,2,-2.161913625,-0.265889906,2.2,
2/6/2018,1,Princeton,Penn,31,33,,1,-3,15,15.3,-2.971293664,15.055957,15.3,
2/6/2018,1,Princeton,Penn,2,5,,0,7,20,21.2,6.848804761,20.26523355,21.4,
2/6/2018,1,Princeton,Penn,0,12,,1,1,1,1.4,1.159262177,0.59929829,1.3,
2/6/2018,2,Princeton,Penn,1944,5,,0,5,2,5.4,4.715013326,1.891454832,5.1,
2/6/2018,2,Penn,Princeton,1923,25,,1,2,0,2,2.140165276,0.158657767,2.1,
2/6/2018,2,Princeton,Penn,1905,33,,1,-2,0,2,-2.304877185,-0.056386794,2.3,
2/6/2018,2,Penn,Princeton,1845,25,,0,-12,18,21.6,-12.24279455,17.94300135,21.7,
2/6/2018,2,Princeton,Penn,1834,12,,1,0,23,23,-0.146767748,22.6211872,22.6,
2/6/2018,2,Penn,Princeton,1812,25,,1,-1,7,7.1,-1.142946134,7.001762932,7.1,
2/6/2018,2,Princeton,Penn,1752,12,,0,11,15,18.6,10.78544177,15.37824653,18.8,
2/6/2018,2,Princeton,Penn,1730,12,,1,-1,3,3.2,-0.775443854,3.309755439,3.4,
2/6/2018,2,Princeton,Penn,1705,33,,0,-2,10,10.2,-2.02304725,9.716311662,9.9,
2/6/2018,2,Penn,Princeton,1656,4,,1,3,2,3.6,2.896281218,1.910213831,3.5,
2/6/2018,2,Princeton,Penn,1643,33,,0,4,0,4,3.533313628,-0.413586871,3.6,
2/6/2018,2,Penn,Princeton,1634,4,,1,-3,0,3,-2.813615047,-0.379592662,2.8,
2/6/2018,2,Princeton,Penn,1604,5,,0,1,3,3.2,0.917877312,2.785775708,2.9,
2/6/2018,2,Penn,Princeton,1600,21,,0,-19,12,22.5,-18.77881099,12.44107268,22.5,
2/6/2018,2,Penn,Princeton,1453,2,,1,-4,2,4.5,-4.25494286,1.963052104,4.7,
2/6/2018,2,Princeton,Penn,1439,3,,0,-20,9,21.9,-20.34198095,9.247833321,22.3,
2/6/2018,2,Penn,Princeton,1419,25,,1,-2,0,2,-2.394266882,0.024965719,2.4,
2/6/2018,2,Princeton,Penn,1356,12,,1,3,1,3.2,3.088500357,0.936713621,3.2,
2/6/2018,2,Penn,Princeton,1336,2,,0,13,17,21.4,12.8018699,17.23771648,21.5,
2/6/2018,2,Princeton,Penn,1312,0,,0,2,23,23.1,2.18491741,22.96482651,23.1,
2/6/2018,2,Princeton,Penn,1251,12,,0,-17,13,21.4,-17.0914507,12.73823719,21.3,
2/6/2018,2,Princeton,Penn,1249,5,,1,2,0,2,2.15166109,0.127042789,2.2,
2/6/2018,2,Penn,Princeton,1225,25,,1,-1,5,5.1,-1.317887595,5.061898866,5.2,
2/6/2018,2,Penn,Princeton,1138,25,,1,5,6,7.8,4.904258383,5.532701741,7.4,
2/6/2018,2,Princeton,Penn,1120,33,,0,-3,0,3,-2.537883285,0.207770363,2.5,
2/6/2018,2,Penn,Princeton,1105,25,,1,2,9,9.2,1.628534223,8.926505832,9.1,
2/6/2018,2,Princeton,Penn,1041,12,,0,-2,6,6.3,-1.876735693,6.409911467,6.7,
2/6/2018,2,Princeton,Penn,1030,4,,0,18,13,22.2,17.73971722,12.87740947,21.9,
2/6/2018,2,Penn,Princeton,1013,10,,1,-19,14,23.6,-19.17341143,13.93902012,23.7,
2/6/2018,2,Princeton,Penn,1000,12,,1,-3,1,3.2,-2.828046623,0.557675972,2.9,
2/6/2018,2,Penn,Princeton,930,25,,0,0,0,0,0.419981724,-0.337652411,0.5,
2/6/2018,2,Princeton,Penn,918,5,,1,-4,1,4.1,-3.834668287,1.365989255,4.1,
2/6/2018,2,Penn,Princeton,851,21,,1,-22,4,22.4,-21.84717449,4.358135038,22.3,
2/6/2018,2,Princeton,Penn,833,3,,0,8,24,25.3,8.122152719,23.50585611,24.9,
2/6/2018,2,Penn,Princeton,800,4,,0,-19,12,22.5,-19.05294345,12.0359782,22.5,
2/6/2018,2,Princeton,Penn,755,22,,2,-4,2,4.5,-4.116141815,1.894305549,4.5,
2/6/2018,2,Penn,Princeton,730,2,,0,-16,15,21.9,-15.68264909,15.0391686,21.7,
2/6/2018,2,Princeton,Penn,715,5,,0,-7,22,23.1,-6.791009566,21.83081049,22.9,
2/6/2018,2,Penn,Princeton,637,4,,1,-4,0,4,-4.40314181,-0.16949691,4.4,
2/6/2018,2,Princeton,Penn,630,0,,1,-21,14,25.2,-21.27389866,14.35616229,25.7,
2/6/2018,2,Penn,Princeton,558,4,,1,-9,19,21,-9.133147438,18.96036155,21,
2/6/2018,2,Princeton,Penn,545,22,,0,-21,5,21.6,-21.48997571,5.160579963,22.1,
2/6/2018,2,Princeton,Penn,449,12,,0,-1,23,23,-0.599004255,23.35482112,23.4,
2/6/2018,2,Penn,Princeton,436,25,,1,2,0,2,1.656165236,0.031818019,1.7,
2/6/2018,2,Princeton,Penn,420,12,,1,4,0,4,3.500552452,0.008710182,3.5,
2/6/2018,2,Penn,Princeton,405,4,,2,-11,2,11.2,-11.4751267,2.467789229,11.7,
2/6/2018,2,Princeton,Penn,352,0,,0,-6,28,28.6,-5.773747424,28.30086897,28.9,
2/6/2018,2,Penn,Princeton,332,0,,1,-3,0,3,-3.166678679,0.475542774,3.2,
2/6/2018,2,Princeton,Penn,315,12,,0,-3,0,3,-2.842532082,0.183603444,2.8,
2/6/2018,2,Penn,Princeton,310,25,,1,2,0,2,2.499397256,-0.12357788,2.5,
2/6/2018,2,Penn,Princeton,237,0,,1,2,4,4.5,1.791984122,3.893139987,4.3,
2/6/2018,2,Princeton,Penn,224,33,,1,0,3,3,-0.388759867,3.292550142,3.3,
2/6/2018,2,Penn,Princeton,155,2,,1,-4,2,4.5,-3.994097909,2.045399696,4.5,
2/6/2018,2,Princeton,Penn,143,0,,2,11,0,11,10.93989999,0.489292821,11,
2/6/2018,2,Penn,Princeton,117,14,,0,19,14,23.6,18.6088843,13.59313183,23,
2/6/2018,2,Penn,Princeton,58,5,,0,4,26,26.3,4.255220594,26.37353082,26.7,
2/6/2018,2,Princeton,Penn,40,31,,1,-1,8,8.1,-0.992031748,7.771885503,7.8,
2/6/2018,2,Penn,Princeton,24,14,,0,8,23,24.4,7.776586895,22.9173033,24.2,
2/6/2018,2,Princeton,Penn,11,31,,0,23,8,24.4,22.64332875,7.51651704,23.9,
2/10/2018,1,Penn,Harvard,1945,4,,1,5,2,5.4,5.384340241,2.422992686,5.9,
2/10/2018,1,Harvard,Penn,1914,31,,0,-7,15,16.6,-6.725309696,15.39551435,16.8,
2/10/2018,1,Penn,Harvard,1855,25,,0,-6,7,9.2,-5.57393564,7.412144206,9.3,
2/10/2018,1,Harvard,Penn,1847,20,,0,-1,22,22,-1.025733833,21.92274092,21.9,
2/10/2018,1,Harvard,Penn,1835,0,,1,5,1,5.1,4.80308921,0.75295217,4.9,
2/10/2018,1,Penn,Harvard,1820,25,,1,-10,19,21.5,-10.4941718,19.06110361,21.8,
2/10/2018,1,Harvard,Penn,1758,0,,1,-3,0,3,-2.98937447,-0.138409532,3,
2/10/2018,1,Penn,Harvard,1746,21,,0,4,27,27.3,4.116873573,26.77415999,27.1,
2/10/2018,1,Harvard,Penn,1719,31,,0,-7,1,7.1,-7.193787807,1.133111451,7.3,
2/10/2018,1,Harvard,Penn,1648,0,,0,2,5,5.4,2.351528135,5.289775351,5.8,
2/10/2018,1,Penn,Harvard,1628,4,,1,1,9,9.1,1.343365835,8.914141312,9,
2/10/2018,1,Penn,Harvard,1601,4,,0,-4,1,4.1,-3.597854516,1.103808982,3.8,
2/10/2018,1,Harvard,Penn,1550,20,,1,3,0,3,3.12228081,-0.121170482,3.1,
2/10/2018,1,Penn,Harvard,1525,0,,1,1,5,5.1,0.657708413,5.0732537,5.1,
2/10/2018,1,Harvard,Penn,1510,31,,1,-5,22,22.6,-5.15303352,22.39001525,23,
2/10/2018,1,Penn,Harvard,1443,0,,1,3,5,5.8,2.714239876,5.323461951,6,
2/10/2018,1,Harvard,Penn,1432,25,,2,4,3,5,3.702855024,2.64127116,4.5,
2/10/2018,1,Harvard,Penn,1405,22,,0,22,3,22.2,22.07715961,2.891386379,22.3,
2/10/2018,1,Harvard,Penn,1340,22,,0,-16,19,24.8,-16.34723988,18.822611,24.9,
2/10/2018,1,Harvard,Penn,1321,5,,0,11,16,19.4,11.32205404,15.83959312,19.5,
2/10/2018,1,Harvard,Penn,1310,5,,1,6,3,6.7,6.355995433,3.34566456,7.2,
2/10/2018,1,Penn,Harvard,1255,0,,0,5,3,5.8,5.280914,2.718125138,5.9,
2/10/2018,1,Harvard,Penn,1230,25,,0,9,16,18.4,8.88388574,15.78312946,18.1,
2/10/2018,1,Penn,Harvard,1220,21,,0,3,4,5,3.372322853,3.72475496,5,
2/10/2018,1,Harvard,Penn,1210,22,,0,1,2,2.2,1.109762589,2.069400263,2.3,
2/10/2018,1,Harvard,Penn,1131,20,,1,3,1,3.2,3.400158266,0.592177229,3.5,
2/10/2018,1,Penn,Harvard,1104,0,,1,3,1,3.2,2.735016152,1.253193575,3,
2/10/2018,1,Harvard,Penn,1038,20,,0,-5,3,5.8,-5.046525697,3.357848585,6.1,
2/10/2018,1,Penn,Harvard,1029,3,,0,-14,21,25.2,-13.88228981,20.82685865,25,
2/10/2018,1,Harvard,Penn,953,20,,0,22,2,22.1,22.10278797,1.938724175,22.2,
2/10/2018,1,Penn,Harvard,940,20,,1,-3,0,3,-3.336467738,-0.246469451,3.3,
2/10/2018,1,Harvard,Penn,927,31,,1,8,1,8.1,7.804716132,1.431372604,7.9,
2/10/2018,1,Penn,Harvard,900,10,,0,-22,3,22.2,-21.5385279,3.276267857,21.8,
2/10/2018,1,Penn,Harvard,846,0,,0,5,10,11.2,5.472367953,9.881882297,11.3,
2/10/2018,1,Harvard,Penn,806,0,,1,6,3,6.7,5.504802501,3.128382206,6.3,
2/10/2018,1,Penn,Harvard,754,10,,1,4,1,4.1,3.932656735,0.859302914,4,
2/10/2018,1,Harvard,Penn,747,31,,0,1,8,8.1,0.531315662,7.860341526,7.9,
2/10/2018,1,Harvard,Penn,707,0,,1,5,3,5.8,4.840917953,2.511376517,5.5,
2/10/2018,1,Penn,Harvard,632,2,,0,22,5,22.6,22.38714439,4.986780692,22.9,
2/10/2018,1,Harvard,Penn,608,31,,0,11,15,18.6,11.42984327,15.49834956,19.3,
2/10/2018,1,Penn,Harvard,600,4,,0,4,2,4.5,3.910700076,2.479449911,4.6,
2/10/2018,1,Harvard,Penn,557,31,,1,3,6,6.7,3.430403989,5.556881463,6.5,
2/10/2018,1,Harvard,Penn,538,0,,0,-5,4,6.4,-5.4245298,3.769075616,6.6,
2/10/2018,1,Harvard,Penn,521,0,,0,6,2,6.3,6.433608635,2.18644618,6.8,
2/10/2018,1,Penn,Harvard,504,10,,0,20,11,22.8,20.47654825,11.05971619,23.3,
2/10/2018,1,Harvard,Penn,454,25,,0,22,2,22.1,21.71681591,1.943784498,21.8,
2/10/2018,1,Harvard,Penn,427,22,,0,6,19,19.9,5.551152491,19.41640838,20.2,
2/10/2018,1,Penn,Harvard,419,21,,0,-18,13,22.2,-18.13494068,12.70062514,22.1,
2/10/2018,1,Harvard,Penn,408,0,,1,0,0,0,-0.34852138,-0.411391272,0.5,
2/10/2018,1,Penn,Harvard,345,10,,0,-22,0,22,-22.27409197,-0.206264978,22.3,
2/10/2018,1,Harvard,Penn,318,30,,1,-4,15,15.5,-3.672194857,14.97235532,15.4,
2/10/2018,1,Penn,Harvard,255,2,,2,2,4,4.5,2.159437224,4.286827843,4.8,
2/10/2018,1,Harvard,Penn,232,31,,0,5,2,5.4,4.663987935,1.584758597,4.9,
2/10/2018,1,Harvard,Penn,230,0,,1,-3,0,3,-2.681099467,0.257630966,2.7,
2/10/2018,1,Penn,Harvard,205,10,,0,22,1,22,21.77835127,1.31278314,21.8,
2/10/2018,1,Penn,Harvard,203,25,,2,-1,0,1,-1.114833891,-0.490025936,1.2,
2/10/2018,1,Penn,Harvard,133,4,,0,-18,15,23.4,-18.34343501,14.70960904,23.5,
2/10/2018,1,Penn,Harvard,103,2,,1,-12,18,21.6,-11.87727017,18.36531299,21.9,
2/10/2018,1,Harvard,Penn,36,0,,0,4,2,4.5,3.7915167,1.939762977,4.3,
2/10/2018,1,Penn,Harvard,24,25,,0,1,23,23,1.217291584,22.5598471,22.6,
2/10/2018,1,Harvard,Penn,2,0,,0,-3,2,3.6,-2.875623813,2.081286563,3.5,
2/10/2018,2,Harvard,Penn,1944,31,,0,19,15,24.2,19.10735525,15.0555292,24.3,
2/10/2018,2,Penn,Harvard,1934,21,,0,-1,24,24,-0.911271029,24.36538721,24.4,
2/10/2018,2,Harvard,Penn,1926,22,,0,8,22,23.4,8.158250189,22.03840579,23.5,
2/10/2018,2,Harvard,Penn,1915,31,,1,-2,3,3.6,-1.936082518,2.95161343,3.5,
2/10/2018,2,Harvard,Penn,1816,0,,1,8,0,8,7.568206041,-0.407559853,7.6,
2/10/2018,2,Penn,Harvard,1757,21,,0,1,4,4.1,0.765723009,3.715562792,3.8,
2/10/2018,2,Penn,Harvard,1755,21,,0,6,5,7.8,6.249693059,5.265142742,8.2,
2/10/2018,2,Penn,Harvard,1753,0,,1,3,2,3.6,3.341261983,2.245228143,4,
2/10/2018,2,Harvard,Penn,1735,30,,1,-9,19,21,-8.650613879,19.36586785,21.2,
2/10/2018,2,Penn,Harvard,1707,0,,0,-9,6,10.8,-8.670822513,6.318306679,10.7,
2/10/2018,2,Harvard,Penn,1651,30,,1,3,1,3.2,2.975377111,0.977713266,3.1,
2/10/2018,2,Penn,Harvard,1633,0,,1,3,6,6.7,3.219154458,5.983984633,6.8,
2/10/2018,2,Harvard,Penn,1607,30,,0,0,6,6,-0.497585846,5.65631601,5.7,
2/10/2018,2,Penn,Harvard,1549,21,,1,-20,9,21.9,-19.57659107,8.990290122,21.5,
2/10/2018,2,Harvard,Penn,1531,0,,1,0,0,0,-0.389046506,-0.349126013,0.5,
2/10/2018,2,Penn,Harvard,1500,25,,1,-3,1,3.2,-3.354207889,1.458311938,3.7,
2/10/2018,2,Harvard,Penn,1441,31,,1,-6,14,15.2,-5.90731593,14.47645849,15.6,
2/10/2018,2,Penn,Harvard,1429,25,,0,-4,1,4.1,-3.564625331,0.933114666,3.7,
2/10/2018,2,Harvard,Penn,1417,22,,2,-4,0,4,-3.716198666,0.365244491,3.7,
2/10/2018,2,Penn,Harvard,1352,25,,0,-1,7,7.1,-0.959179676,6.50154846,6.6,
2/10/2018,2,Penn,Harvard,1346,21,,1,-3,0,3,-3.207514839,-0.205462654,3.2,
2/10/2018,2,Harvard,Penn,1326,0,,1,-2,1,2.2,-2.118502014,1.226353634,2.4,
2/10/2018,2,Penn,Harvard,1312,4,,2,-3,2,3.6,-3.034959201,2.489909186,3.9,
2/10/2018,2,Harvard,Penn,1248,0,,1,7,4,8.1,6.957386332,4.037882306,8,
2/10/2018,2,Penn,Harvard,1234,21,,0,-7,25,26,-6.930199765,24.6118076,25.6,
2/10/2018,2,Harvard,Penn,1222,25,,0,-17,15,22.7,-16.99338377,14.70449821,22.5,
2/10/2018,2,Harvard,Penn,1220,0,,2,-3,2,3.6,-2.92991948,2.359828091,3.8,
2/10/2018,2,Penn,Harvard,1140,0,,1,2,1,2.2,2.499003472,0.811172424,2.6,
2/10/2018,2,Harvard,Penn,1124,0,,2,-2,3,3.6,-2.393067993,2.94052865,3.8,
2/10/2018,2,Penn,Harvard,1108,4,,0,-3,0,3,-3.17221617,0.279230032,3.2,
2/10/2018,2,Harvard,Penn,1056,22,,1,4,2,4.5,3.58138221,2.241314508,4.2,
2/10/2018,2,Penn,Harvard,1045,4,,1,-3,1,3.2,-2.640662957,1.108811037,2.9,
2/10/2018,2,Harvard,Penn,1018,30,,1,-2,0,2,-2.320582328,0.298412742,2.3,
2/10/2018,2,Penn,Harvard,1010,10,,0,20,12,23.3,19.95829505,11.55755961,23.1,
2/10/2018,2,Harvard,Penn,938,25,,0,13,24,27.3,13.14101952,24.02105447,27.4,
2/10/2018,2,Penn,Harvard,930,21,,1,-17,15,22.7,-16.55562771,15.19629519,22.5,
2/10/2018,2,Harvard,Penn,910,22,,0,10,12,15.6,9.523609887,11.88328769,15.2,
2/10/2018,2,Penn,Harvard,855,4,,0,-3,1,3.2,-2.805831847,0.764821917,2.9,
2/10/2018,2,Harvard,Penn,842,20,,0,1,0,1,0.861682312,0.30542514,0.9,
2/10/2018,2,Harvard,Penn,840,44,,1,3,1,3.2,3.173008336,1.238094101,3.4,
2/10/2018,2,Penn,Harvard,816,10,,1,-2,2,2.8,-2.213782757,1.824870893,2.9,
2/10/2018,2,Harvard,Penn,802,31,,2,10,0,10,10.05660502,-0.049177382,10.1,
2/10/2018,2,Penn,Harvard,750,21,,1,18,18,25.5,17.80857174,17.73996449,25.1,
2/10/2018,2,Harvard,Penn,739,25,,0,22,0,22,21.90293415,-0.042292041,21.9,
2/10/2018,2,Harvard,Penn,715,20,,2,-1,7,7.1,-0.751763982,6.894585747,6.9,
2/10/2018,2,Penn,Harvard,701,10,,0,22,3,22.2,21.81769469,3.173453283,22,
2/10/2018,2,Harvard,Penn,650,31,,0,5,2,5.4,5.47821691,2.03212013,5.8,
2/10/2018,2,Harvard,Penn,649,20,,0,0,1,1,0.085294034,0.569086399,0.6,
2/10/2018,2,Penn,Harvard,646,10,,1,-1,1,1.4,-0.684791302,1.027909598,1.2,
2/10/2018,2,Harvard,Penn,612,44,,0,8,15,17,7.693945212,14.91873934,16.8,
2/10/2018,2,Harvard,Penn,556,20,,2,-2,2,2.8,-1.848496216,2.337804908,3,
2/10/2018,2,Penn,Harvard,544,21,,1,-7,4,8.1,-6.757279904,4.125700622,7.9,
2/10/2018,2,Harvard,Penn,526,20,,1,6,20,20.9,5.554907141,20.19077944,20.9,
2/10/2018,2,Penn,Harvard,510,21,,0,-21,6,21.8,-20.61276296,5.890183618,21.4,
2/10/2018,2,Penn,Harvard,448,25,,1,-2,0,2,-2.225891448,0.006998603,2.2,
2/10/2018,2,Penn,Harvard,405,21,,1,-22,3,22.2,-22.01427624,3.433020694,22.3,
2/10/2018,2,Harvard,Penn,333,22,,1,21,0,21,21.10100088,-0.35636759,21.1,
2/10/2018,2,Penn,Harvard,317,25,,1,2,0,2,2.305229998,0.259995541,2.3,
2/10/2018,2,Penn,Harvard,227,4,,1,-8,2,8.2,-7.902050054,1.7076568,8.1,
2/10/2018,2,Harvard,Penn,157,31,,1,-9,21,22.8,-8.593413765,21.29779867,23,
2/10/2018,2,Penn,Harvard,135,10,,0,3,23,23.2,2.548019196,22.60255737,22.7,
2/10/2018,2,Harvard,Penn,110,31,,0,2,2,2.8,1.502185421,2.039151879,2.5,
2/10/2018,2,Penn,Harvard,105,21,,0,21,9,22.8,20.76907401,8.98222306,22.6,
2/10/2018,2,Penn,Harvard,40,25,,0,3,0,3,2.980811716,0.242823983,3,
2/10/2018,2,Penn,Harvard,38,25,,1,1,2,2.2,0.798927366,2.244564041,2.4,
2/10/2018,2,Penn,Harvard,22,10,,1,-4,2,4.5,-4.405010974,1.849987322,4.8,
2/17/2018,1,Harvard,Yale,1940,0,,1,2,2,2.8,1.503053206,2.261211073,2.7,
2/17/2018,1,Harvard,Yale,1854,0,,1,0,8,8,0.002478807,7.851314771,7.9,
2/17/2018,1,Yale,Harvard,1840,13,,0,-16,15,21.9,-16.34232429,15.38437213,22.4,
2/17/2018,1,Yale,Harvard,1838,24,,0,1,22,22,1.274227087,21.68909893,21.7,
2/17/2018,1,Harvard,Yale,1819,22,,0,22,1,22,21.75284409,0.914672704,21.8,
2/17/2018,1,Yale,Harvard,1812,24,,1,-3,0,3,-3.297975826,0.297418553,3.3,
2/17/2018,1,Harvard,Yale,1758,0,,1,0,9,9,0.278482954,9.296671683,9.3,
2/17/2018,1,Yale,Harvard,1735,32,,0,-7,2,7.3,-6.659464619,2.041482956,7,
2/17/2018,1,Harvard,Yale,1713,0,,1,0,0,0,-0.415352178,-0.47315719,0.6,
2/17/2018,1,Harvard,Yale,1648,31,,0,16,20,25.6,15.53341722,20.04054834,25.4,
2/17/2018,1,Yale,Harvard,1640,3,,0,16,16,22.6,15.65358886,15.65460614,22.1,
2/17/2018,1,Harvard,Yale,1630,31,,2,1,0,1,1.030783186,0.122017544,1,
2/17/2018,1,Yale,Harvard,1621,13,,1,-4,2,4.5,-3.814004345,2.445125103,4.5,
2/17/2018,1,Harvard,Yale,1552,20,,0,2,6,6.3,2.053838431,5.646176879,6,
2/17/2018,1,Yale,Harvard,1544,3,,0,10,10,14.1,10.15716929,10.24065684,14.4,
2/17/2018,1,Harvard,Yale,1525,31,,0,22,5,22.6,21.96542935,5.456753058,22.6,
2/17/2018,1,Yale,Harvard,1510,20,,1,3,0,3,2.821332695,-0.353096972,2.8,
2/17/2018,1,Harvard,Yale,1451,44,,1,-4,3,5,-3.833154149,2.544989534,4.6,
2/17/2018,1,Yale,Harvard,1416,13,,0,-16,17,23.3,-15.94579886,16.7518819,23.1,
2/17/2018,1,Harvard,Yale,1346,0,,1,-3,6,6.7,-3.268507217,5.888482576,6.7,
2/17/2018,1,Yale,Harvard,1327,11,,1,20,7,21.2,20.15483087,6.977835232,21.3,
2/17/2018,1,Yale,Harvard,1258,24,,0,16,15,21.9,15.94669852,15.144769,22,
2/17/2018,1,Harvard,Yale,1249,0,,0,3,1,3.2,2.655898856,0.664772268,2.7,
2/17/2018,1,Harvard,Yale,1243,5,,1,-3,1,3.2,-2.614057936,1.328913631,2.9,
2/17/2018,1,Harvard,Yale,1208,0,,0,3,6,6.7,2.774633261,5.87258256,6.5,
2/17/2018,1,Yale,Harvard,1130,11,,0,20,16,25.6,19.69643504,15.83585594,25.3,
2/17/2018,1,Harvard,Yale,1103,0,,1,-8,3,8.5,-7.984721565,2.641655266,8.4,
2/17/2018,1,Harvard,Yale,1038,22,,1,9,23,24.7,9.334596873,23.28562496,25.1,
2/17/2018,1,Yale,Harvard,1006,32,,0,0,25,25,-0.207981446,25.02422782,25,
2/17/2018,1,Harvard,Yale,950,22,,1,5,2,5.4,5.421421728,2.090116148,5.8,
2/17/2018,1,Yale,Harvard,930,5,,0,-6,4,7.2,-5.56694999,3.922032618,6.8,
2/17/2018,1,Harvard,Yale,904,0,,1,0,0,0,0.357355974,0.258594247,0.4,
2/17/2018,1,Harvard,Yale,820,0,,0,-7,6,9.2,-7.0764327,5.933283779,9.2,
2/17/2018,1,Harvard,Yale,815,0,,0,2,5,5.4,1.540147552,5.062299656,5.3,
2/17/2018,1,Yale,Harvard,703,13,,0,3,0,3,3.039570477,-0.27241031,3.1,
2/17/2018,1,Harvard,Yale,636,31,,0,6,9,10.8,5.989395728,9.429055296,11.2,
2/17/2018,1,Yale,Harvard,615,24,,0,-10,0,10,-9.754192269,-0.106364972,9.8,
2/17/2018,1,Yale,Harvard,609,32,,0,2,0,2,1.561642019,0.226761959,1.6,
2/17/2018,1,Harvard,Yale,558,31,,2,-12,12,17,-11.71166403,12.41680073,17.1,
2/17/2018,1,Harvard,Yale,528,30,,0,22,6,22.8,22.44626788,6.174048795,23.3,
2/17/2018,1,Yale,Harvard,515,32,,0,-8,0,8,-8.271335424,0.136402768,8.3,
2/17/2018,1,Harvard,Yale,507,20,,1,-3,2,3.6,-2.877124695,2.240813395,3.6,
2/17/2018,1,Yale,Harvard,444,2,,0,-14,4,14.6,-14.10103233,4.102100944,14.7,
2/17/2018,1,Harvard,Yale,429,30,,1,4,2,4.5,3.637917533,2.480424329,4.4,
2/17/2018,1,Yale,Harvard,404,2,,0,9,22,23.8,9.45697612,21.50704533,23.5,
2/17/2018,1,Harvard,Yale,335,5,,0,-8,7,10.6,-7.551697348,6.668712754,10.1,
2/17/2018,1,Yale,Harvard,317,3,,1,3,14,14.3,2.577467947,14.4674694,14.7,
2/17/2018,1,Harvard,Yale,245,31,,1,16,12,20,16.13398316,12.25451979,20.3,
2/17/2018,1,Yale,Harvard,229,20,,2,-7,2,7.3,-6.613825822,2.107207359,6.9,
2/17/2018,1,Yale,Harvard,203,11,,2,6,2,6.3,5.670513348,2.403308567,6.2,
2/17/2018,1,Yale,Harvard,127,24,,0,4,17,17.5,4.313700704,16.56189998,17.1,
2/17/2018,1,Harvard,Yale,105,0,,0,4,9,9.8,4.296142744,8.533618591,9.6,
2/17/2018,1,Yale,Harvard,34,11,,2,3,14,14.3,2.992010907,13.92744203,14.2,
2/17/2018,1,Harvard,Yale,5,22,,1,12,22,25.1,12.28869811,21.94813721,25.2,
2/17/2018,2,Yale,Harvard,1940,3,,1,22,4,22.4,22.40567436,4.026310984,22.8,
2/17/2018,2,Harvard,Yale,1919,22,,0,-20,10,22.4,-19.77745922,9.691948928,22,
2/17/2018,2,Yale,Harvard,1902,3,,0,-22,2,22.1,-22.13439226,2.049243837,22.2,
2/17/2018,2,Yale,Harvard,1900,13,,0,5,1,5.1,4.637005284,0.972316971,4.7,
2/17/2018,2,Harvard,Yale,1841,20,,1,20,9,21.9,20.28654019,8.683956892,22.1,
2/17/2018,2,Yale,Harvard,1824,3,,1,-5,12,13,-5.317740025,11.57712298,12.7,
2/17/2018,2,Harvard,Yale,1804,31,,0,-21,8,22.5,-20.78081451,8.348595964,22.4,
2/17/2018,2,Yale,Harvard,1754,32,,1,0,6,6,0.047992937,6.182229205,6.2,
2/17/2018,2,Harvard,Yale,1731,20,,0,-10,21,23.3,-9.645353266,21.39099811,23.5,
2/17/2018,2,Yale,Harvard,1718,24,,0,6,22,22.8,5.909312677,21.93241105,22.7,
2/17/2018,2,Harvard,Yale,1647,20,,1,-1,10,10,-0.838798454,9.794618306,9.8,
2/17/2018,2,Yale,Harvard,1625,32,,1,-8,0,8,-8.284817746,-0.394620491,8.3,
2/17/2018,2,Harvard,Yale,1604,31,,0,22,5,22.6,21.80346892,5.016137634,22.4,
2/17/2018,2,Harvard,Yale,1544,25,,1,-2,2,2.8,-1.89402081,2.020445952,2.8,
2/17/2018,2,Yale,Harvard,1535,3,,0,4,1,4.1,3.636884369,0.91442999,3.8,
2/17/2018,2,Yale,Harvard,1521,32,,1,-2,3,3.6,-1.881048645,2.606025529,3.2,
2/17/2018,2,Yale,Harvard,1500,3,,0,3,2,3.6,3.189577556,1.659076133,3.6,
2/17/2018,2,Harvard,Yale,1442,22,,1,4,1,4.1,4.017693637,1.084063234,4.2,
2/17/2018,2,Yale,Harvard,1424,24,,1,0,22,22,0.381921277,22.11185197,22.1,
2/17/2018,2,Harvard,Yale,1407,0,,1,0,0,0,-0.179002238,0.361641711,0.4,
2/17/2018,2,Yale,Harvard,1355,11,,1,-9,20,21.9,-8.887439598,20.3282001,22.2,
2/17/2018,2,Yale,Harvard,1331,13,,1,-2,0,2,-2.433600732,0.234716843,2.4,
2/17/2018,2,Harvard,Yale,1311,25,,0,-17,15,22.7,-16.69358133,14.95942199,22.4,
2/17/2018,2,Yale,Harvard,1304,13,,0,4,2,4.5,4.193775212,1.663340081,4.5,
2/17/2018,2,Yale,Harvard,1302,20,,2,-2,1,2.2,-2.355004932,0.98474215,2.6,
2/17/2018,2,Harvard,Yale,1245,20,,1,3,1,3.2,2.989197876,1.10638177,3.2,
2/17/2018,2,Yale,Harvard,1232,20,,2,4,2,4.5,4.068924269,2.370498667,4.7,
2/17/2018,2,Harvard,Yale,1212,31,,1,3,7,7.6,2.919853104,6.693004605,7.3,
2/17/2018,2,Harvard,Yale,1122,31,,0,4,3,5,3.901194399,3.344714892,5.1,
2/17/2018,2,Harvard,Yale,1120,31,,2,4,2,4.5,4.081007999,1.769526899,4.4,
2/17/2018,2,Yale,Harvard,1042,24,,0,-1,17,17,-0.965909484,17.0907323,17.1,
2/17/2018,2,Yale,Harvard,1008,5,,1,14,21,25.2,14.26297398,20.90234413,25.3,
2/17/2018,2,Harvard,Yale,953,31,,0,7,1,7.1,6.540657953,0.669442983,6.6,
2/17/2018,2,Yale,Harvard,930,11,,0,-2,0,2,-2.078287789,0.014685021,2.1,
2/17/2018,2,Yale,Harvard,929,20,,0,1,0,1,0.530383845,0.287423387,0.6,
2/17/2018,2,Harvard,Yale,918,22,,0,8,11,13.6,8.247998876,11.14279939,13.9,
2/17/2018,2,Yale,Harvard,905,3,,0,8,9,12,8.08099544,9.11711127,12.2,
2/17/2018,2,Harvard,Yale,850,31,,0,19,11,22,19.21914772,10.54154004,21.9,
2/17/2018,2,Yale,Harvard,837,5,,0,-4,24,24.3,-4.339052671,23.83949117,24.2,
2/17/2018,2,Harvard,Yale,801,22,,1,22,8,23.4,21.88864074,8.336386054,23.4,
2/17/2018,2,Harvard,Yale,723,5,,0,13,0,13,12.86982289,-0.362198955,12.9,
2/17/2018,2,Harvard,Yale,650,22,,0,-11,24,26.4,-10.79515951,23.96296911,26.3,
2/17/2018,2,Yale,Harvard,641,11,,0,10,0,10,10.4568808,0.12744498,10.5,
2/17/2018,2,Yale,Harvard,631,5,,0,-22,1,22,-21.79504864,1.394448013,21.8,
2/17/2018,2,Yale,Harvard,626,32,,1,-4,2,4.5,-4.401213213,2.238323967,4.9,
2/17/2018,2,Yale,Harvard,601,11,,0,-6,1,6.1,-6.416802966,1.340466286,6.6,
2/17/2018,2,Harvard,Yale,530,20,,0,-3,5,5.8,-2.836552342,4.784387718,5.6,
2/17/2018,2,Harvard,Yale,530,30,,0,-2,4,4.5,-2.49677172,3.664313549,4.4,
2/17/2018,2,Yale,Harvard,520,5,,1,-20,10,22.4,-19.98725013,9.691347175,22.2,
2/17/2018,2,Yale,Harvard,438,3,,0,-8,4,8.9,-8.000330436,3.935845528,8.9,
2/17/2018,2,Yale,Harvard,422,32,,0,-7,1,7.1,-7.129341486,1.347230885,7.3,
2/17/2018,2,Harvard,Yale,353,31,,0,-4,12,12.6,-4.230380868,11.87292058,12.6,
2/17/2018,2,Harvard,Yale,352,20,,2,0,0,0,0.133252577,-0.476037045,0.5,
2/17/2018,2,Yale,Harvard,333,32,,1,-4,3,5,-3.546501542,3.305033296,4.8,
2/17/2018,2,Harvard,Yale,305,20,,0,-21,5,21.6,-21.05079949,4.734058181,21.6,
2/17/2018,2,Yale,Harvard,215,24,,0,21,14,25.2,21.23988193,14.24774103,25.6,
2/17/2018,2,Yale,Harvard,210,5,,0,-5,26,26.5,-4.622402858,25.76428137,26.2,
2/17/2018,2,Harvard,Yale,137,31,,1,10,22,24.2,9.986865815,21.51076835,23.7,
2/17/2018,2,Yale,Harvard,128,11,,2,-4,4,5.7,-4.367591663,3.57664818,5.6,
2/17/2018,2,Harvard,Yale,118,0,,1,0,0,0,-0.291125993,0.073085198,0.3,
2/17/2018,2,Yale,Harvard,105,32,,0,-10,19,21.5,-9.50185281,19.31618644,21.5,
2/17/2018,2,Harvard,Yale,44,22,,0,3,2,3.6,3.223414321,1.685912592,3.6,
2/17/2018,2,Yale,Harvard,4,24,,0,-20,12,23.3,-19.61733222,12.36945856,23.2,
